53478.0,2025.0,3.0,1.0,12.0,7.60,
53478.0,2025.0,3.0,1.0,15.0,5.10,
53478.0,2025.0,3.0,1.0,18.0,4.00,
53478.0,2025.0,3.0,1.0,21.0,3.00,
53478.0,2025.0,3.0,2.0,0.0,0.60,
53478.0,2025.0,3.0,2.0,3.0,5.20,
53478.0,2025.0,3.0,2.0,6.0,6.10,
53478.0,2025.0,3.0,2.0,9.0,5.20,
53478.0,2025.0,3.0,2.0,12.0,1.70,
53478.0,2025.0,3.0,2.0,15.0,-1.10,
53478.0,2025.0,3.0,2.0,18.0,-2.70,
53478.0,2025.0,3.0,2.0,21.0,-4.00,
53478.0,2025.0,3.0,3.0,0.0,-3.30,
53478.0,2025.0,3.0,3.0,3.0,-0.10,
53478.0,2025.0,3.0,3.0,6.0,1.40,
53478.0,2025.0,3.0,3.0,9.0,-2.00,
53486.0,2025.0,3.0,1.0,12.0,9.80,
53486.0,2025.0,3.0,1.0,15.0,6.40,
53486.0,2025.0,3.0,1.0,18.0,5.90,
53486.0,2025.0,3.0,1.0,21.0,5.00,
53486.0,2025.0,3.0,2.0,0.0,3.40,
53486.0,2025.0,3.0,2.0,3.0,7.20,
53486.0,2025.0,3.0,2.0,6.0,7.30,
53486.0,2025.0,3.0,2.0,9.0,7.40,
53486.0,2025.0,3.0,2.0,12.0,3.00,
53486.0,2025.0,3.0,2.0,15.0,-0.10,
53486.0,2025.0,3.0,2.0,18.0,-2.70,
53486.0,2025.0,3.0,2.0,21.0,-3.50,
53486.0,2025.0,3.0,3.0,0.0,-3.60,
53486.0,2025.0,3.0,3.0,3.0,1.80,
53486.0,2025.0,3.0,3.0,6.0,3.10,
53486.0,2025.0,3.0,3.0,9.0,1.80,
53487.0,2025.0,3.0,1.0,12.0,9.80,
53487.0,2025.0,3.0,1.0,15.0,6.10,
53487.0,2025.0,3.0,1.0,18.0,5.20,
53487.0,2025.0,3.0,1.0,21.0,4.60,
53487.0,2025.0,3.0,2.0,0.0,2.30,
53487.0,2025.0,3.0,2.0,3.0,7.20,
53487.0,2025.0,3.0,2.0,6.0,8.60,
53487.0,2025.0,3.0,2.0,9.0,7.80,
53487.0,2025.0,3.0,2.0,12.0,3.20,
53487.0,2025.0,3.0,2.0,15.0,1.30,
53487.0,2025.0,3.0,2.0,18.0,-0.60,
53487.0,2025.0,3.0,2.0,21.0,-1.30,
53487.0,2025.0,3.0,3.0,0.0,-0.80,
53487.0,2025.0,3.0,3.0,3.0,2.30,
53487.0,2025.0,3.0,3.0,6.0,3.30,
53487.0,2025.0,3.0,3.0,9.0,2.00,
53488.0,2025.0,3.0,1.0,12.0,8.20,
53488.0,2025.0,3.0,1.0,15.0,9.60,
53488.0,2025.0,3.0,1.0,18.0,6.80,
53488.0,2025.0,3.0,1.0,21.0,6.00,
53488.0,2025.0,3.0,2.0,0.0,4.30,
53488.0,2025.0,3.0,2.0,3.0,6.70,
53488.0,2025.0,3.0,2.0,6.0,8.00,
53488.0,2025.0,3.0,2.0,9.0,7.20,
53488.0,2025.0,3.0,2.0,12.0,2.50,
53488.0,2025.0,3.0,2.0,15.0,1.10,
53488.0,2025.0,3.0,2.0,18.0,-0.70,
53488.0,2025.0,3.0,2.0,21.0,-2.10,
53488.0,2025.0,3.0,3.0,0.0,-2.40,
53488.0,2025.0,3.0,3.0,3.0,2.10,
53488.0,2025.0,3.0,3.0,6.0,2.70,
53488.0,2025.0,3.0,3.0,9.0,1.30,
53490.0,2025.0,3.0,1.0,12.0,9.70,
53490.0,2025.0,3.0,1.0,15.0,6.20,
53490.0,2025.0,3.0,1.0,18.0,5.60,
53490.0,2025.0,3.0,1.0,21.0,5.20,
53490.0,2025.0,3.0,2.0,0.0,3.60,
53490.0,2025.0,3.0,2.0,3.0,6.70,
53490.0,2025.0,3.0,2.0,6.0,7.90,
53490.0,2025.0,3.0,2.0,9.0,7.50,
53490.0,2025.0,3.0,2.0,12.0,1.90,
53490.0,2025.0,3.0,2.0,15.0,-0.60,
53490.0,2025.0,3.0,2.0,18.0,-2.00,
53490.0,2025.0,3.0,2.0,21.0,-3.40,
53490.0,2025.0,3.0,3.0,0.0,-2.50,
53490.0,2025.0,3.0,3.0,3.0,1.20,
53490.0,2025.0,3.0,3.0,6.0,2.80,
53490.0,2025.0,3.0,3.0,9.0,1.90,
53564.0,2025.0,3.0,1.0,12.0,11.40,
53564.0,2025.0,3.0,1.0,15.0,9.30,
53564.0,2025.0,3.0,1.0,18.0,7.40,
53564.0,2025.0,3.0,1.0,21.0,7.10,
53564.0,2025.0,3.0,2.0,0.0,6.00,
53564.0,2025.0,3.0,2.0,3.0,8.00,
53564.0,2025.0,3.0,2.0,6.0,10.20,
53564.0,2025.0,3.0,2.0,9.0,9.60,
53564.0,2025.0,3.0,2.0,12.0,6.70,
53564.0,2025.0,3.0,2.0,15.0,5.10,
53564.0,2025.0,3.0,2.0,18.0,2.70,
53564.0,2025.0,3.0,2.0,21.0,0.60,
53564.0,2025.0,3.0,3.0,0.0,-0.80,
53564.0,2025.0,3.0,3.0,3.0,-0.40,
53564.0,2025.0,3.0,3.0,6.0,0.00,
53564.0,2025.0,3.0,3.0,9.0,0.30,
53565.0,2025.0,3.0,1.0,12.0,9.20,
53565.0,2025.0,3.0,1.0,15.0,6.20,
53565.0,2025.0,3.0,1.0,18.0,6.10,
53565.0,2025.0,3.0,1.0,21.0,7.20,
53565.0,2025.0,3.0,2.0,0.0,5.10,
53565.0,2025.0,3.0,2.0,3.0,7.20,
53565.0,2025.0,3.0,2.0,6.0,9.70,
53565.0,2025.0,3.0,2.0,9.0,9.00,
53565.0,2025.0,3.0,2.0,12.0,6.60,
53565.0,2025.0,3.0,2.0,15.0,4.20,
53565.0,2025.0,3.0,2.0,18.0,1.90,
53565.0,2025.0,3.0,2.0,21.0,0.60,
53565.0,2025.0,3.0,3.0,0.0,1.30,
53565.0,2025.0,3.0,3.0,3.0,0.00,
53565.0,2025.0,3.0,3.0,6.0,0.40,
53565.0,2025.0,3.0,3.0,9.0,0.60,
53573.0,2025.0,3.0,1.0,12.0,7.60,
53573.0,2025.0,3.0,1.0,15.0,4.60,
53573.0,2025.0,3.0,1.0,18.0,3.70,
53573.0,2025.0,3.0,1.0,21.0,2.70,
53573.0,2025.0,3.0,2.0,0.0,0.10,
53573.0,2025.0,3.0,2.0,3.0,3.30,
53573.0,2025.0,3.0,2.0,6.0,4.70,
53573.0,2025.0,3.0,2.0,9.0,4.90,
53573.0,2025.0,3.0,2.0,12.0,1.60,
53573.0,2025.0,3.0,2.0,15.0,-1.50,
53573.0,2025.0,3.0,2.0,18.0,-3.50,
53573.0,2025.0,3.0,2.0,21.0,-4.60,
53573.0,2025.0,3.0,3.0,0.0,-4.50,
53573.0,2025.0,3.0,3.0,3.0,-0.10,
53573.0,2025.0,3.0,3.0,6.0,0.10,
53573.0,2025.0,3.0,3.0,9.0,-0.80,
53574.0,2025.0,3.0,1.0,12.0,8.30,
53574.0,2025.0,3.0,1.0,15.0,5.40,
53574.0,2025.0,3.0,1.0,18.0,4.20,
53574.0,2025.0,3.0,1.0,21.0,3.30,
53574.0,2025.0,3.0,2.0,0.0,0.20,
53574.0,2025.0,3.0,2.0,3.0,1.80,
53574.0,2025.0,3.0,2.0,6.0,4.40,
53574.0,2025.0,3.0,2.0,9.0,3.90,
53574.0,2025.0,3.0,2.0,12.0,2.10,
53574.0,2025.0,3.0,2.0,15.0,-1.50,
53574.0,2025.0,3.0,2.0,18.0,-2.90,
53574.0,2025.0,3.0,2.0,21.0,-3.50,
53574.0,2025.0,3.0,3.0,0.0,-3.10,
53574.0,2025.0,3.0,3.0,3.0,-2.20,
53574.0,2025.0,3.0,3.0,6.0,-1.70,
53574.0,2025.0,3.0,3.0,9.0,-2.60,
53575.0,2025.0,3.0,1.0,12.0,6.60,
53575.0,2025.0,3.0,1.0,15.0,6.20,
53575.0,2025.0,3.0,1.0,18.0,4.10,
53575.0,2025.0,3.0,1.0,21.0,-0.60,
53575.0,2025.0,3.0,2.0,0.0,-1.60,
53575.0,2025.0,3.0,2.0,3.0,-1.50,
53575.0,2025.0,3.0,2.0,6.0,-1.50,
53575.0,2025.0,3.0,2.0,9.0,-0.40,
53575.0,2025.0,3.0,2.0,12.0,-0.10,
53575.0,2025.0,3.0,2.0,15.0,-0.80,
53575.0,2025.0,3.0,2.0,18.0,-3.10,
53575.0,2025.0,3.0,2.0,21.0,-3.80,
53575.0,2025.0,3.0,3.0,0.0,-4.30,
53575.0,2025.0,3.0,3.0,3.0,-3.80,
53575.0,2025.0,3.0,3.0,6.0,-3.70,
53575.0,2025.0,3.0,3.0,9.0,-5.20,
53576.0,2025.0,3.0,1.0,12.0,11.30,
53576.0,2025.0,3.0,1.0,15.0,9.10,
53576.0,2025.0,3.0,1.0,18.0,8.20,
53576.0,2025.0,3.0,1.0,21.0,6.70,
53576.0,2025.0,3.0,2.0,0.0,4.90,
53576.0,2025.0,3.0,2.0,3.0,2.90,
53576.0,2025.0,3.0,2.0,6.0,3.60,
53576.0,2025.0,3.0,2.0,9.0,5.80,
53576.0,2025.0,3.0,2.0,12.0,5.40,
53576.0,2025.0,3.0,2.0,15.0,3.10,
53576.0,2025.0,3.0,2.0,18.0,1.20,
53576.0,2025.0,3.0,2.0,21.0,0.40,
53576.0,2025.0,3.0,3.0,0.0,-0.20,
53576.0,2025.0,3.0,3.0,3.0,1.40,
53576.0,2025.0,3.0,3.0,6.0,2.50,
53576.0,2025.0,3.0,3.0,9.0,-0.40,
53577.0,2025.0,3.0,1.0,12.0,8.40,
53577.0,2025.0,3.0,1.0,15.0,7.30,
53577.0,2025.0,3.0,1.0,18.0,4.50,
53577.0,2025.0,3.0,1.0,21.0,0.50,
53577.0,2025.0,3.0,2.0,0.0,-0.40,
53577.0,2025.0,3.0,2.0,3.0,-0.30,
53577.0,2025.0,3.0,2.0,6.0,0.50,
53577.0,2025.0,3.0,2.0,9.0,1.50,
53577.0,2025.0,3.0,2.0,12.0,1.60,
53577.0,2025.0,3.0,2.0,15.0,0.70,
53577.0,2025.0,3.0,2.0,18.0,-0.20,
53577.0,2025.0,3.0,2.0,21.0,-2.20,
53577.0,2025.0,3.0,3.0,0.0,-3.30,
53577.0,2025.0,3.0,3.0,3.0,-2.60,
53577.0,2025.0,3.0,3.0,6.0,-3.10,
53577.0,2025.0,3.0,3.0,9.0,-4.60,
53578.0,2025.0,3.0,1.0,12.0,6.30,
53578.0,2025.0,3.0,1.0,15.0,5.10,
53578.0,2025.0,3.0,1.0,18.0,5.50,
53578.0,2025.0,3.0,1.0,21.0,4.40,
53578.0,2025.0,3.0,2.0,0.0,1.20,
53578.0,2025.0,3.0,2.0,3.0,1.80,
53578.0,2025.0,3.0,2.0,6.0,2.90,
53578.0,2025.0,3.0,2.0,9.0,4.20,
53578.0,2025.0,3.0,2.0,12.0,2.00,
53578.0,2025.0,3.0,2.0,15.0,-1.70,
53578.0,2025.0,3.0,2.0,18.0,-2.30,
53578.0,2025.0,3.0,2.0,21.0,-2.80,
53578.0,2025.0,3.0,3.0,0.0,-0.90,
53578.0,2025.0,3.0,3.0,3.0,1.10,
53578.0,2025.0,3.0,3.0,6.0,1.00,
53578.0,2025.0,3.0,3.0,9.0,0.70,
53579.0,2025.0,3.0,1.0,12.0,7.90,
53579.0,2025.0,3.0,1.0,15.0,8.90,
53579.0,2025.0,3.0,1.0,18.0,7.90,
53579.0,2025.0,3.0,1.0,21.0,4.80,
53579.0,2025.0,3.0,2.0,0.0,4.20,
53579.0,2025.0,3.0,2.0,3.0,7.10,
53579.0,2025.0,3.0,2.0,6.0,5.90,
53579.0,2025.0,3.0,2.0,9.0,4.40,
53579.0,2025.0,3.0,2.0,12.0,3.30,
53579.0,2025.0,3.0,2.0,15.0,2.30,
53579.0,2025.0,3.0,2.0,18.0,1.80,
53579.0,2025.0,3.0,2.0,21.0,0.70,
53579.0,2025.0,3.0,3.0,0.0,0.60,
53579.0,2025.0,3.0,3.0,3.0,1.10,
53579.0,2025.0,3.0,3.0,6.0,1.50,
53579.0,2025.0,3.0,3.0,9.0,-0.90,
53582.0,2025.0,3.0,1.0,12.0,10.10,
53582.0,2025.0,3.0,1.0,15.0,8.90,
53582.0,2025.0,3.0,1.0,18.0,8.10,
53582.0,2025.0,3.0,1.0,21.0,4.10,
53582.0,2025.0,3.0,2.0,0.0,3.50,
53582.0,2025.0,3.0,2.0,3.0,4.60,
53582.0,2025.0,3.0,2.0,6.0,6.90,
53582.0,2025.0,3.0,2.0,9.0,7.30,
53582.0,2025.0,3.0,2.0,12.0,0.30,
53582.0,2025.0,3.0,2.0,15.0,-0.40,
53582.0,2025.0,3.0,2.0,18.0,-2.40,
53582.0,2025.0,3.0,2.0,21.0,-1.40,
53582.0,2025.0,3.0,3.0,0.0,-0.10,
53582.0,2025.0,3.0,3.0,3.0,0.50,
53582.0,2025.0,3.0,3.0,6.0,0.50,
53582.0,2025.0,3.0,3.0,9.0,0.10,
53584.0,2025.0,3.0,1.0,12.0,9.90,
53584.0,2025.0,3.0,1.0,15.0,5.20,
53584.0,2025.0,3.0,1.0,18.0,5.40,
53584.0,2025.0,3.0,1.0,21.0,4.80,
53584.0,2025.0,3.0,2.0,0.0,4.80,
53584.0,2025.0,3.0,2.0,3.0,2.80,
53584.0,2025.0,3.0,2.0,6.0,5.40,
53584.0,2025.0,3.0,2.0,9.0,7.20,
53584.0,2025.0,3.0,2.0,12.0,3.20,
53584.0,2025.0,3.0,2.0,15.0,0.60,
53584.0,2025.0,3.0,2.0,18.0,-1.10,
53584.0,2025.0,3.0,2.0,21.0,-2.60,
53584.0,2025.0,3.0,3.0,0.0,-2.00,
53584.0,2025.0,3.0,3.0,3.0,2.40,
53584.0,2025.0,3.0,3.0,6.0,2.50,
53584.0,2025.0,3.0,3.0,9.0,1.70,
53585.0,2025.0,3.0,1.0,12.0,10.00,
53585.0,2025.0,3.0,1.0,15.0,8.50,
53585.0,2025.0,3.0,1.0,18.0,7.90,
53585.0,2025.0,3.0,1.0,21.0,6.00,
53585.0,2025.0,3.0,2.0,0.0,4.90,
53585.0,2025.0,3.0,2.0,3.0,6.70,
53585.0,2025.0,3.0,2.0,6.0,5.70,
53585.0,2025.0,3.0,2.0,9.0,6.40,
53585.0,2025.0,3.0,2.0,12.0,3.20,
53585.0,2025.0,3.0,2.0,15.0,2.50,
53585.0,2025.0,3.0,2.0,18.0,1.80,
53585.0,2025.0,3.0,2.0,21.0,0.90,
53585.0,2025.0,3.0,3.0,0.0,0.70,
53585.0,2025.0,3.0,3.0,3.0,1.70,
53585.0,2025.0,3.0,3.0,6.0,1.80,
53585.0,2025.0,3.0,3.0,9.0,-0.70,
53588.0,2025.0,3.0,1.0,12.0,0.40,
53588.0,2025.0,3.0,1.0,15.0,-1.20,
53588.0,2025.0,3.0,1.0,18.0,-1.10,
53588.0,2025.0,3.0,1.0,21.0,-1.80,
53588.0,2025.0,3.0,2.0,0.0,-3.40,
53588.0,2025.0,3.0,2.0,3.0,-2.50,
53588.0,2025.0,3.0,2.0,6.0,-3.30,
53588.0,2025.0,3.0,2.0,9.0,-3.80,
53588.0,2025.0,3.0,2.0,12.0,-5.30,
53588.0,2025.0,3.0,2.0,15.0,-6.50,
53588.0,2025.0,3.0,2.0,18.0,-9.00,
53588.0,2025.0,3.0,2.0,21.0,-10.20,
53588.0,2025.0,3.0,3.0,0.0,-10.70,
53588.0,2025.0,3.0,3.0,3.0,-9.40,
53588.0,2025.0,3.0,3.0,6.0,-7.70,
53588.0,2025.0,3.0,3.0,9.0,-10.10,
53590.0,2025.0,3.0,1.0,12.0,10.50,
53590.0,2025.0,3.0,1.0,15.0,9.00,
53590.0,2025.0,3.0,1.0,18.0,4.90,
53590.0,2025.0,3.0,1.0,21.0,4.70,
53590.0,2025.0,3.0,2.0,0.0,1.80,
53590.0,2025.0,3.0,2.0,3.0,2.90,
53590.0,2025.0,3.0,2.0,6.0,4.50,
53590.0,2025.0,3.0,2.0,9.0,5.20,
53590.0,2025.0,3.0,2.0,12.0,0.60,
53590.0,2025.0,3.0,2.0,15.0,-1.10,
53590.0,2025.0,3.0,2.0,18.0,-3.80,
53590.0,2025.0,3.0,2.0,21.0,-2.50,
53590.0,2025.0,3.0,3.0,0.0,-1.20,
53590.0,2025.0,3.0,3.0,3.0,1.60,
53590.0,2025.0,3.0,3.0,6.0,0.70,
53590.0,2025.0,3.0,3.0,9.0,0.10,
53594.0,2025.0,3.0,1.0,12.0,10.40,
53594.0,2025.0,3.0,1.0,15.0,7.00,
53594.0,2025.0,3.0,1.0,18.0,5.60,
53594.0,2025.0,3.0,1.0,21.0,4.60,
53594.0,2025.0,3.0,2.0,0.0,2.80,
53594.0,2025.0,3.0,2.0,3.0,2.30,
53594.0,2025.0,3.0,2.0,6.0,2.40,
53594.0,2025.0,3.0,2.0,9.0,3.60,
53594.0,2025.0,3.0,2.0,12.0,1.80,
53594.0,2025.0,3.0,2.0,15.0,1.70,
53594.0,2025.0,3.0,2.0,18.0,1.30,
53594.0,2025.0,3.0,2.0,21.0,0.70,
53594.0,2025.0,3.0,3.0,0.0,-0.30,
53594.0,2025.0,3.0,3.0,3.0,1.00,
53594.0,2025.0,3.0,3.0,6.0,0.90,
53594.0,2025.0,3.0,3.0,9.0,0.20,
53659.0,2025.0,3.0,1.0,12.0,10.70,
53659.0,2025.0,3.0,1.0,15.0,10.90,
53659.0,2025.0,3.0,1.0,18.0,7.80,
53659.0,2025.0,3.0,1.0,21.0,5.00,
53659.0,2025.0,3.0,2.0,0.0,3.40,
53659.0,2025.0,3.0,2.0,3.0,6.10,
53659.0,2025.0,3.0,2.0,6.0,7.30,
53659.0,2025.0,3.0,2.0,9.0,5.50,
53659.0,2025.0,3.0,2.0,12.0,3.30,
53659.0,2025.0,3.0,2.0,15.0,2.90,
53659.0,2025.0,3.0,2.0,18.0,2.00,
53659.0,2025.0,3.0,2.0,21.0,1.30,
53659.0,2025.0,3.0,3.0,0.0,0.40,
53659.0,2025.0,3.0,3.0,3.0,1.70,
53659.0,2025.0,3.0,3.0,6.0,0.90,
53659.0,2025.0,3.0,3.0,9.0,-0.90,
53660.0,2025.0,3.0,1.0,12.0,11.00,
53660.0,2025.0,3.0,1.0,15.0,8.00,
53660.0,2025.0,3.0,1.0,18.0,8.20,
53660.0,2025.0,3.0,1.0,21.0,7.60,
53660.0,2025.0,3.0,2.0,0.0,5.90,
53660.0,2025.0,3.0,2.0,3.0,6.30,
53660.0,2025.0,3.0,2.0,6.0,9.80,
53660.0,2025.0,3.0,2.0,9.0,8.60,
53660.0,2025.0,3.0,2.0,12.0,7.50,
53660.0,2025.0,3.0,2.0,15.0,6.10,
53660.0,2025.0,3.0,2.0,18.0,4.10,
53660.0,2025.0,3.0,2.0,21.0,2.60,
53660.0,2025.0,3.0,3.0,0.0,1.00,
53660.0,2025.0,3.0,3.0,3.0,1.70,
53660.0,2025.0,3.0,3.0,6.0,2.10,
53660.0,2025.0,3.0,3.0,9.0,2.50,
53662.0,2025.0,3.0,1.0,12.0,9.20,
53662.0,2025.0,3.0,1.0,15.0,8.40,
53662.0,2025.0,3.0,1.0,18.0,5.70,
53662.0,2025.0,3.0,1.0,21.0,2.10,
53662.0,2025.0,3.0,2.0,0.0,1.10,
53662.0,2025.0,3.0,2.0,3.0,3.90,
53662.0,2025.0,3.0,2.0,6.0,4.10,
53662.0,2025.0,3.0,2.0,9.0,3.20,
53662.0,2025.0,3.0,2.0,12.0,2.50,
53662.0,2025.0,3.0,2.0,15.0,1.90,
53662.0,2025.0,3.0,2.0,18.0,1.00,
53662.0,2025.0,3.0,2.0,21.0,-0.20,
53662.0,2025.0,3.0,3.0,0.0,-1.50,
53662.0,2025.0,3.0,3.0,3.0,-2.10,
53662.0,2025.0,3.0,3.0,6.0,-2.30,
53662.0,2025.0,3.0,3.0,9.0,-3.50,
53663.0,2025.0,3.0,1.0,12.0,5.70,
53663.0,2025.0,3.0,1.0,15.0,6.00,
53663.0,2025.0,3.0,1.0,18.0,6.50,
53663.0,2025.0,3.0,1.0,21.0,1.70,
53663.0,2025.0,3.0,2.0,0.0,1.30,
53663.0,2025.0,3.0,2.0,3.0,4.20,
53663.0,2025.0,3.0,2.0,6.0,4.00,
53663.0,2025.0,3.0,2.0,9.0,3.50,
53663.0,2025.0,3.0,2.0,12.0,2.30,
53663.0,2025.0,3.0,2.0,15.0,1.50,
53663.0,2025.0,3.0,2.0,18.0,-0.10,
53663.0,2025.0,3.0,2.0,21.0,-1.70,
53663.0,2025.0,3.0,3.0,0.0,-1.40,
53663.0,2025.0,3.0,3.0,3.0,0.10,
53663.0,2025.0,3.0,3.0,6.0,0.70,
53663.0,2025.0,3.0,3.0,9.0,-1.20,
53664.0,2025.0,3.0,1.0,12.0,11.60,
53664.0,2025.0,3.0,1.0,15.0,11.30,
53664.0,2025.0,3.0,1.0,18.0,8.70,
53664.0,2025.0,3.0,1.0,21.0,6.20,
53664.0,2025.0,3.0,2.0,0.0,5.10,
53664.0,2025.0,3.0,2.0,3.0,8.40,
53664.0,2025.0,3.0,2.0,6.0,8.60,
53664.0,2025.0,3.0,2.0,9.0,7.00,
53664.0,2025.0,3.0,2.0,12.0,5.50,
53664.0,2025.0,3.0,2.0,15.0,4.30,
53664.0,2025.0,3.0,2.0,18.0,3.90,
53664.0,2025.0,3.0,2.0,21.0,2.90,
53664.0,2025.0,3.0,3.0,0.0,2.00,
53664.0,2025.0,3.0,3.0,3.0,1.20,
53664.0,2025.0,3.0,3.0,6.0,2.00,
53664.0,2025.0,3.0,3.0,9.0,0.70,
53665.0,2025.0,3.0,1.0,12.0,10.40,
53665.0,2025.0,3.0,1.0,15.0,9.10,
53665.0,2025.0,3.0,1.0,18.0,6.20,
53665.0,2025.0,3.0,1.0,21.0,3.80,
53665.0,2025.0,3.0,2.0,0.0,2.20,
53665.0,2025.0,3.0,2.0,3.0,3.40,
53665.0,2025.0,3.0,2.0,6.0,3.20,
53665.0,2025.0,3.0,2.0,9.0,1.70,
53665.0,2025.0,3.0,2.0,12.0,0.70,
53665.0,2025.0,3.0,2.0,15.0,0.40,
53665.0,2025.0,3.0,2.0,18.0,0.00,
53665.0,2025.0,3.0,2.0,21.0,-0.60,
53665.0,2025.0,3.0,3.0,0.0,-1.40,
53665.0,2025.0,3.0,3.0,3.0,-1.00,
53665.0,2025.0,3.0,3.0,6.0,-2.90,
53665.0,2025.0,3.0,3.0,9.0,-3.50,
53666.0,2025.0,3.0,1.0,12.0,10.70,
53666.0,2025.0,3.0,1.0,15.0,9.30,
53666.0,2025.0,3.0,1.0,18.0,5.00,
53666.0,2025.0,3.0,1.0,21.0,3.50,
53666.0,2025.0,3.0,2.0,0.0,1.80,
53666.0,2025.0,3.0,2.0,3.0,3.00,
53666.0,2025.0,3.0,2.0,6.0,2.90,
53666.0,2025.0,3.0,2.0,9.0,2.60,
53666.0,2025.0,3.0,2.0,12.0,0.60,
53666.0,2025.0,3.0,2.0,15.0,-0.10,
53666.0,2025.0,3.0,2.0,18.0,-0.90,
53666.0,2025.0,3.0,2.0,21.0,-1.30,
53666.0,2025.0,3.0,3.0,0.0,-1.30,
53666.0,2025.0,3.0,3.0,3.0,-0.60,
53666.0,2025.0,3.0,3.0,6.0,-2.20,
53666.0,2025.0,3.0,3.0,9.0,-3.20,
53669.0,2025.0,3.0,1.0,12.0,11.10,
53669.0,2025.0,3.0,1.0,15.0,10.20,
53669.0,2025.0,3.0,1.0,18.0,6.30,
53669.0,2025.0,3.0,1.0,21.0,4.70,
53669.0,2025.0,3.0,2.0,0.0,3.50,
53669.0,2025.0,3.0,2.0,3.0,4.50,
53669.0,2025.0,3.0,2.0,6.0,3.30,
53669.0,2025.0,3.0,2.0,9.0,2.30,
53669.0,2025.0,3.0,2.0,12.0,0.90,
53669.0,2025.0,3.0,2.0,15.0,0.30,
53669.0,2025.0,3.0,2.0,18.0,0.70,
53669.0,2025.0,3.0,2.0,21.0,-0.30,
53669.0,2025.0,3.0,3.0,0.0,-1.10,
53669.0,2025.0,3.0,3.0,3.0,-1.50,
53669.0,2025.0,3.0,3.0,6.0,-2.40,
53669.0,2025.0,3.0,3.0,9.0,-3.20,
53673.0,2025.0,3.0,1.0,12.0,12.60,
53673.0,2025.0,3.0,1.0,15.0,10.90,
53673.0,2025.0,3.0,1.0,18.0,9.20,
53673.0,2025.0,3.0,1.0,21.0,5.30,
53673.0,2025.0,3.0,2.0,0.0,4.70,
53673.0,2025.0,3.0,2.0,3.0,4.00,
53673.0,2025.0,3.0,2.0,6.0,4.90,
53673.0,2025.0,3.0,2.0,9.0,4.30,
53673.0,2025.0,3.0,2.0,12.0,3.00,
53673.0,2025.0,3.0,2.0,15.0,2.60,
53673.0,2025.0,3.0,2.0,18.0,2.00,
53673.0,2025.0,3.0,2.0,21.0,1.30,
53673.0,2025.0,3.0,3.0,0.0,999999.00,
53673.0,2025.0,3.0,3.0,3.0,1.40,
53673.0,2025.0,3.0,3.0,6.0,1.00,
53673.0,2025.0,3.0,3.0,9.0,-1.50,
53674.0,2025.0,3.0,1.0,12.0,9.60,
53674.0,2025.0,3.0,1.0,15.0,8.50,
53674.0,2025.0,3.0,1.0,18.0,5.60,
53674.0,2025.0,3.0,1.0,21.0,5.30,
53674.0,2025.0,3.0,2.0,0.0,3.90,
53674.0,2025.0,3.0,2.0,3.0,3.90,
53674.0,2025.0,3.0,2.0,6.0,4.40,
53674.0,2025.0,3.0,2.0,9.0,3.60,
53674.0,2025.0,3.0,2.0,12.0,2.70,
53674.0,2025.0,3.0,2.0,15.0,0.80,
53674.0,2025.0,3.0,2.0,18.0,-1.40,
53674.0,2025.0,3.0,2.0,21.0,-0.80,
53674.0,2025.0,3.0,3.0,0.0,-0.60,
53674.0,2025.0,3.0,3.0,3.0,1.10,
53674.0,2025.0,3.0,3.0,6.0,0.50,
53674.0,2025.0,3.0,3.0,9.0,-1.90,
53676.0,2025.0,3.0,1.0,12.0,12.10,
53676.0,2025.0,3.0,1.0,15.0,10.80,
53676.0,2025.0,3.0,1.0,18.0,8.90,
53676.0,2025.0,3.0,1.0,21.0,6.70,
53676.0,2025.0,3.0,2.0,0.0,5.10,
53676.0,2025.0,3.0,2.0,3.0,5.30,
53676.0,2025.0,3.0,2.0,6.0,5.10,
53676.0,2025.0,3.0,2.0,9.0,4.50,
53676.0,2025.0,3.0,2.0,12.0,2.90,
53676.0,2025.0,3.0,2.0,15.0,0.60,
53676.0,2025.0,3.0,2.0,18.0,1.10,
53676.0,2025.0,3.0,2.0,21.0,-0.60,
53676.0,2025.0,3.0,3.0,0.0,0.90,
53676.0,2025.0,3.0,3.0,3.0,1.30,
53676.0,2025.0,3.0,3.0,6.0,1.30,
53676.0,2025.0,3.0,3.0,9.0,-1.30,
53677.0,2025.0,3.0,1.0,12.0,12.10,
53677.0,2025.0,3.0,1.0,15.0,11.10,
53677.0,2025.0,3.0,1.0,18.0,7.90,
53677.0,2025.0,3.0,1.0,21.0,6.60,
53677.0,2025.0,3.0,2.0,0.0,5.20,
53677.0,2025.0,3.0,2.0,3.0,5.60,
53677.0,2025.0,3.0,2.0,6.0,4.70,
53677.0,2025.0,3.0,2.0,9.0,3.60,
53677.0,2025.0,3.0,2.0,12.0,1.30,
53677.0,2025.0,3.0,2.0,15.0,1.20,
53677.0,2025.0,3.0,2.0,18.0,0.30,
53677.0,2025.0,3.0,2.0,21.0,0.30,
53677.0,2025.0,3.0,3.0,0.0,0.90,
53677.0,2025.0,3.0,3.0,3.0,1.00,
53677.0,2025.0,3.0,3.0,6.0,-0.30,
53677.0,2025.0,3.0,3.0,9.0,-2.20,
53678.0,2025.0,3.0,1.0,12.0,12.40,
53678.0,2025.0,3.0,1.0,15.0,10.60,
53678.0,2025.0,3.0,1.0,18.0,7.00,
53678.0,2025.0,3.0,1.0,21.0,6.30,
53678.0,2025.0,3.0,2.0,0.0,4.50,
53678.0,2025.0,3.0,2.0,3.0,4.50,
53678.0,2025.0,3.0,2.0,6.0,4.00,
53678.0,2025.0,3.0,2.0,9.0,2.50,
53678.0,2025.0,3.0,2.0,12.0,1.70,
53678.0,2025.0,3.0,2.0,15.0,0.60,
53678.0,2025.0,3.0,2.0,18.0,-1.70,
53678.0,2025.0,3.0,2.0,21.0,-1.00,
53678.0,2025.0,3.0,3.0,0.0,-0.60,
53678.0,2025.0,3.0,3.0,3.0,-0.10,
53678.0,2025.0,3.0,3.0,6.0,-1.30,
53678.0,2025.0,3.0,3.0,9.0,-1.80,
53679.0,2025.0,3.0,1.0,12.0,13.60,
53679.0,2025.0,3.0,1.0,15.0,11.30,
53679.0,2025.0,3.0,1.0,18.0,10.00,
53679.0,2025.0,3.0,1.0,21.0,7.40,
53679.0,2025.0,3.0,2.0,0.0,4.70,
53679.0,2025.0,3.0,2.0,3.0,4.30,
53679.0,2025.0,3.0,2.0,6.0,4.30,
53679.0,2025.0,3.0,2.0,9.0,2.20,
53679.0,2025.0,3.0,2.0,12.0,1.60,
53679.0,2025.0,3.0,2.0,15.0,1.10,
53679.0,2025.0,3.0,2.0,18.0,1.50,
53679.0,2025.0,3.0,2.0,21.0,1.00,
53679.0,2025.0,3.0,3.0,0.0,0.20,
53679.0,2025.0,3.0,3.0,3.0,0.70,
53679.0,2025.0,3.0,3.0,6.0,0.50,
53679.0,2025.0,3.0,3.0,9.0,0.20,
53681.0,2025.0,3.0,1.0,12.0,8.40,
53681.0,2025.0,3.0,1.0,15.0,5.20,
53681.0,2025.0,3.0,1.0,18.0,4.50,
53681.0,2025.0,3.0,1.0,21.0,999999.00,
53681.0,2025.0,3.0,2.0,0.0,3.00,
53681.0,2025.0,3.0,2.0,3.0,5.30,
53681.0,2025.0,3.0,2.0,6.0,4.30,
53681.0,2025.0,3.0,2.0,9.0,2.90,
53681.0,2025.0,3.0,2.0,12.0,0.10,
53681.0,2025.0,3.0,2.0,15.0,-0.80,
53681.0,2025.0,3.0,2.0,18.0,-2.30,
53681.0,2025.0,3.0,2.0,21.0,-3.40,
53681.0,2025.0,3.0,3.0,0.0,-2.90,
53681.0,2025.0,3.0,3.0,3.0,-1.00,
53681.0,2025.0,3.0,3.0,6.0,-0.70,
53681.0,2025.0,3.0,3.0,9.0,-3.20,
53685.0,2025.0,3.0,1.0,12.0,8.30,
53685.0,2025.0,3.0,1.0,15.0,8.10,
53685.0,2025.0,3.0,1.0,18.0,999999.00,
53685.0,2025.0,3.0,1.0,21.0,999999.00,
53685.0,2025.0,3.0,2.0,0.0,0.30,
53685.0,2025.0,3.0,2.0,3.0,-0.30,
53685.0,2025.0,3.0,2.0,6.0,-1.40,
53685.0,2025.0,3.0,2.0,9.0,-1.60,
53685.0,2025.0,3.0,2.0,12.0,-0.90,
53685.0,2025.0,3.0,2.0,15.0,-2.00,
53685.0,2025.0,3.0,2.0,18.0,-3.00,
53685.0,2025.0,3.0,2.0,21.0,-3.50,
53685.0,2025.0,3.0,3.0,0.0,-3.10,
53685.0,2025.0,3.0,3.0,3.0,-1.50,
53685.0,2025.0,3.0,3.0,6.0,-1.10,
53685.0,2025.0,3.0,3.0,9.0,-1.50,
53687.0,2025.0,3.0,1.0,12.0,10.20,
53687.0,2025.0,3.0,1.0,15.0,8.60,
53687.0,2025.0,3.0,1.0,18.0,7.80,
53687.0,2025.0,3.0,1.0,21.0,3.60,
53687.0,2025.0,3.0,2.0,0.0,0.40,
53687.0,2025.0,3.0,2.0,3.0,-0.50,
53687.0,2025.0,3.0,2.0,6.0,-0.30,
53687.0,2025.0,3.0,2.0,9.0,-0.80,
53687.0,2025.0,3.0,2.0,12.0,-0.30,
53687.0,2025.0,3.0,2.0,15.0,-1.10,
53687.0,2025.0,3.0,2.0,18.0,-2.10,
53687.0,2025.0,3.0,2.0,21.0,-1.70,
53687.0,2025.0,3.0,3.0,0.0,-1.90,
53687.0,2025.0,3.0,3.0,3.0,-0.20,
53687.0,2025.0,3.0,3.0,6.0,0.40,
53687.0,2025.0,3.0,3.0,9.0,0.00,
53753.0,2025.0,3.0,1.0,12.0,14.80,
53753.0,2025.0,3.0,1.0,15.0,12.60,
53753.0,2025.0,3.0,1.0,18.0,12.00,
53753.0,2025.0,3.0,1.0,21.0,8.80,
53753.0,2025.0,3.0,2.0,0.0,6.80,
53753.0,2025.0,3.0,2.0,3.0,7.70,
53753.0,2025.0,3.0,2.0,6.0,8.70,
53753.0,2025.0,3.0,2.0,9.0,6.90,
53753.0,2025.0,3.0,2.0,12.0,3.90,
53753.0,2025.0,3.0,2.0,15.0,4.60,
53753.0,2025.0,3.0,2.0,18.0,4.50,
53753.0,2025.0,3.0,2.0,21.0,3.70,
53753.0,2025.0,3.0,3.0,0.0,2.80,
53753.0,2025.0,3.0,3.0,3.0,2.20,
53753.0,2025.0,3.0,3.0,6.0,1.80,
53753.0,2025.0,3.0,3.0,9.0,0.40,
53759.0,2025.0,3.0,1.0,12.0,12.70,
53759.0,2025.0,3.0,1.0,15.0,11.60,
53759.0,2025.0,3.0,1.0,18.0,8.00,
53759.0,2025.0,3.0,1.0,21.0,6.30,
53759.0,2025.0,3.0,2.0,0.0,5.50,
53759.0,2025.0,3.0,2.0,3.0,5.70,
53759.0,2025.0,3.0,2.0,6.0,5.30,
53759.0,2025.0,3.0,2.0,9.0,5.10,
53759.0,2025.0,3.0,2.0,12.0,1.40,
53759.0,2025.0,3.0,2.0,15.0,1.20,
53759.0,2025.0,3.0,2.0,18.0,0.90,
53759.0,2025.0,3.0,2.0,21.0,-0.20,
53759.0,2025.0,3.0,3.0,0.0,-0.10,
53759.0,2025.0,3.0,3.0,3.0,-0.30,
53759.0,2025.0,3.0,3.0,6.0,-0.50,
53759.0,2025.0,3.0,3.0,9.0,-1.30,
53760.0,2025.0,3.0,1.0,12.0,9.30,
53760.0,2025.0,3.0,1.0,15.0,8.30,
53760.0,2025.0,3.0,1.0,18.0,7.70,
53760.0,2025.0,3.0,1.0,21.0,5.20,
53760.0,2025.0,3.0,2.0,0.0,3.60,
53760.0,2025.0,3.0,2.0,3.0,5.40,
53760.0,2025.0,3.0,2.0,6.0,6.20,
53760.0,2025.0,3.0,2.0,9.0,4.40,
53760.0,2025.0,3.0,2.0,12.0,3.00,
53760.0,2025.0,3.0,2.0,15.0,2.40,
53760.0,2025.0,3.0,2.0,18.0,2.10,
53760.0,2025.0,3.0,2.0,21.0,1.10,
53760.0,2025.0,3.0,3.0,0.0,0.10,
53760.0,2025.0,3.0,3.0,3.0,0.30,
53760.0,2025.0,3.0,3.0,6.0,0.20,
53760.0,2025.0,3.0,3.0,9.0,-1.80,
53763.0,2025.0,3.0,1.0,12.0,11.90,
53763.0,2025.0,3.0,1.0,15.0,10.40,
53763.0,2025.0,3.0,1.0,18.0,7.00,
53763.0,2025.0,3.0,1.0,21.0,6.00,
53763.0,2025.0,3.0,2.0,0.0,4.90,
53763.0,2025.0,3.0,2.0,3.0,4.40,
53763.0,2025.0,3.0,2.0,6.0,2.90,
53763.0,2025.0,3.0,2.0,9.0,2.60,
53763.0,2025.0,3.0,2.0,12.0,1.00,
53763.0,2025.0,3.0,2.0,15.0,0.60,
53763.0,2025.0,3.0,2.0,18.0,0.50,
53763.0,2025.0,3.0,2.0,21.0,0.20,
53763.0,2025.0,3.0,3.0,0.0,-0.60,
53763.0,2025.0,3.0,3.0,3.0,-0.60,
53763.0,2025.0,3.0,3.0,6.0,-2.30,
53763.0,2025.0,3.0,3.0,9.0,-2.30,
53764.0,2025.0,3.0,1.0,12.0,13.10,
53764.0,2025.0,3.0,1.0,15.0,10.70,
53764.0,2025.0,3.0,1.0,18.0,11.20,
53764.0,2025.0,3.0,1.0,21.0,7.70,
53764.0,2025.0,3.0,2.0,0.0,6.40,
53764.0,2025.0,3.0,2.0,3.0,8.10,
53764.0,2025.0,3.0,2.0,6.0,8.80,
53764.0,2025.0,3.0,2.0,9.0,7.90,
53764.0,2025.0,3.0,2.0,12.0,5.00,
53764.0,2025.0,3.0,2.0,15.0,5.00,
53764.0,2025.0,3.0,2.0,18.0,3.70,
53764.0,2025.0,3.0,2.0,21.0,2.20,
53764.0,2025.0,3.0,3.0,0.0,2.70,
53764.0,2025.0,3.0,3.0,3.0,2.40,
53764.0,2025.0,3.0,3.0,6.0,1.60,
53764.0,2025.0,3.0,3.0,9.0,-0.50,
53767.0,2025.0,3.0,1.0,12.0,9.60,
53767.0,2025.0,3.0,1.0,15.0,10.50,
53767.0,2025.0,3.0,1.0,18.0,7.70,
53767.0,2025.0,3.0,1.0,21.0,6.30,
53767.0,2025.0,3.0,2.0,0.0,5.40,
53767.0,2025.0,3.0,2.0,3.0,5.00,
53767.0,2025.0,3.0,2.0,6.0,3.80,
53767.0,2025.0,3.0,2.0,9.0,1.80,
53767.0,2025.0,3.0,2.0,12.0,1.30,
53767.0,2025.0,3.0,2.0,15.0,1.00,
53767.0,2025.0,3.0,2.0,18.0,0.50,
53767.0,2025.0,3.0,2.0,21.0,-0.90,
53767.0,2025.0,3.0,3.0,0.0,-1.20,
53767.0,2025.0,3.0,3.0,3.0,-1.50,
53767.0,2025.0,3.0,3.0,6.0,-1.90,
53767.0,2025.0,3.0,3.0,9.0,-3.40,
53768.0,2025.0,3.0,1.0,12.0,10.40,
53768.0,2025.0,3.0,1.0,15.0,12.20,
53768.0,2025.0,3.0,1.0,18.0,9.60,
53768.0,2025.0,3.0,1.0,21.0,7.90,
53768.0,2025.0,3.0,2.0,0.0,7.00,
53768.0,2025.0,3.0,2.0,3.0,4.60,
53768.0,2025.0,3.0,2.0,6.0,3.30,
53768.0,2025.0,3.0,2.0,9.0,4.10,
53768.0,2025.0,3.0,2.0,12.0,2.10,
53768.0,2025.0,3.0,2.0,15.0,2.30,
53768.0,2025.0,3.0,2.0,18.0,2.00,
53768.0,2025.0,3.0,2.0,21.0,1.20,
53768.0,2025.0,3.0,3.0,0.0,0.80,
53768.0,2025.0,3.0,3.0,3.0,1.60,
53768.0,2025.0,3.0,3.0,6.0,-0.10,
53768.0,2025.0,3.0,3.0,9.0,-0.80,
53769.0,2025.0,3.0,1.0,12.0,12.10,
53769.0,2025.0,3.0,1.0,15.0,12.50,
53769.0,2025.0,3.0,1.0,18.0,10.00,
53769.0,2025.0,3.0,1.0,21.0,8.10,
53769.0,2025.0,3.0,2.0,0.0,7.30,
53769.0,2025.0,3.0,2.0,3.0,5.20,
53769.0,2025.0,3.0,2.0,6.0,3.90,
53769.0,2025.0,3.0,2.0,9.0,4.10,
53769.0,2025.0,3.0,2.0,12.0,2.50,
53769.0,2025.0,3.0,2.0,15.0,2.80,
53769.0,2025.0,3.0,2.0,18.0,2.20,
53769.0,2025.0,3.0,2.0,21.0,1.60,
53769.0,2025.0,3.0,3.0,0.0,1.20,
53769.0,2025.0,3.0,3.0,3.0,1.60,
53769.0,2025.0,3.0,3.0,6.0,0.00,
53769.0,2025.0,3.0,3.0,9.0,-0.30,
53770.0,2025.0,3.0,1.0,12.0,13.60,
53770.0,2025.0,3.0,1.0,15.0,10.70,
53770.0,2025.0,3.0,1.0,18.0,8.40,
53770.0,2025.0,3.0,1.0,21.0,7.40,
53770.0,2025.0,3.0,2.0,0.0,4.50,
53770.0,2025.0,3.0,2.0,3.0,3.80,
53770.0,2025.0,3.0,2.0,6.0,4.10,
53770.0,2025.0,3.0,2.0,9.0,2.30,
53770.0,2025.0,3.0,2.0,12.0,1.50,
53770.0,2025.0,3.0,2.0,15.0,0.90,
53770.0,2025.0,3.0,2.0,18.0,0.70,
53770.0,2025.0,3.0,2.0,21.0,0.20,
53770.0,2025.0,3.0,3.0,0.0,0.10,
53770.0,2025.0,3.0,3.0,3.0,1.10,
53770.0,2025.0,3.0,3.0,6.0,1.80,
53770.0,2025.0,3.0,3.0,9.0,-0.40,
53771.0,2025.0,3.0,1.0,12.0,14.30,
53771.0,2025.0,3.0,1.0,15.0,11.90,
53771.0,2025.0,3.0,1.0,18.0,10.10,
53771.0,2025.0,3.0,1.0,21.0,8.30,
53771.0,2025.0,3.0,2.0,0.0,5.80,
53771.0,2025.0,3.0,2.0,3.0,4.70,
53771.0,2025.0,3.0,2.0,6.0,4.80,
53771.0,2025.0,3.0,2.0,9.0,3.10,
53771.0,2025.0,3.0,2.0,12.0,2.50,
53771.0,2025.0,3.0,2.0,15.0,2.80,
53771.0,2025.0,3.0,2.0,18.0,2.50,
53771.0,2025.0,3.0,2.0,21.0,1.80,
53771.0,2025.0,3.0,3.0,0.0,0.90,
53771.0,2025.0,3.0,3.0,3.0,1.50,
53771.0,2025.0,3.0,3.0,6.0,1.00,
53771.0,2025.0,3.0,3.0,9.0,-0.10,
53772.0,2025.0,3.0,1.0,12.0,12.90,
53772.0,2025.0,3.0,1.0,15.0,10.70,
53772.0,2025.0,3.0,1.0,18.0,9.10,
53772.0,2025.0,3.0,1.0,21.0,7.40,
53772.0,2025.0,3.0,2.0,0.0,4.30,
53772.0,2025.0,3.0,2.0,3.0,3.10,
53772.0,2025.0,3.0,2.0,6.0,4.20,
53772.0,2025.0,3.0,2.0,9.0,1.10,
53772.0,2025.0,3.0,2.0,12.0,1.30,
53772.0,2025.0,3.0,2.0,15.0,1.20,
53772.0,2025.0,3.0,2.0,18.0,0.60,
53772.0,2025.0,3.0,2.0,21.0,0.30,
53772.0,2025.0,3.0,3.0,0.0,-0.20,
53772.0,2025.0,3.0,3.0,3.0,0.60,
53772.0,2025.0,3.0,3.0,6.0,0.60,
53772.0,2025.0,3.0,3.0,9.0,0.20,
53774.0,2025.0,3.0,1.0,12.0,13.40,
53774.0,2025.0,3.0,1.0,15.0,11.20,
53774.0,2025.0,3.0,1.0,18.0,9.30,
53774.0,2025.0,3.0,1.0,21.0,7.70,
53774.0,2025.0,3.0,2.0,0.0,4.70,
53774.0,2025.0,3.0,2.0,3.0,3.90,
53774.0,2025.0,3.0,2.0,6.0,4.30,
53774.0,2025.0,3.0,2.0,9.0,1.70,
53774.0,2025.0,3.0,2.0,12.0,1.60,
53774.0,2025.0,3.0,2.0,15.0,1.60,
53774.0,2025.0,3.0,2.0,18.0,1.10,
53774.0,2025.0,3.0,2.0,21.0,1.00,
53774.0,2025.0,3.0,3.0,0.0,0.30,
53774.0,2025.0,3.0,3.0,3.0,0.80,
53774.0,2025.0,3.0,3.0,6.0,0.30,
53774.0,2025.0,3.0,3.0,9.0,-0.50,
53775.0,2025.0,3.0,1.0,12.0,12.40,
53775.0,2025.0,3.0,1.0,15.0,10.80,
53775.0,2025.0,3.0,1.0,18.0,8.60,
53775.0,2025.0,3.0,1.0,21.0,7.20,
53775.0,2025.0,3.0,2.0,0.0,4.10,
53775.0,2025.0,3.0,2.0,3.0,3.80,
53775.0,2025.0,3.0,2.0,6.0,4.30,
53775.0,2025.0,3.0,2.0,9.0,1.90,
53775.0,2025.0,3.0,2.0,12.0,1.10,
53775.0,2025.0,3.0,2.0,15.0,0.00,
53775.0,2025.0,3.0,2.0,18.0,0.20,
53775.0,2025.0,3.0,2.0,21.0,-0.40,
53775.0,2025.0,3.0,3.0,0.0,-0.10,
53775.0,2025.0,3.0,3.0,3.0,1.10,
53775.0,2025.0,3.0,3.0,6.0,1.30,
53775.0,2025.0,3.0,3.0,9.0,0.00,
53776.0,2025.0,3.0,1.0,12.0,11.60,
53776.0,2025.0,3.0,1.0,15.0,9.90,
53776.0,2025.0,3.0,1.0,18.0,8.10,
53776.0,2025.0,3.0,1.0,21.0,6.70,
53776.0,2025.0,3.0,2.0,0.0,3.00,
53776.0,2025.0,3.0,2.0,3.0,1.50,
53776.0,2025.0,3.0,2.0,6.0,2.50,
53776.0,2025.0,3.0,2.0,9.0,0.00,
53776.0,2025.0,3.0,2.0,12.0,0.30,
53776.0,2025.0,3.0,2.0,15.0,0.10,
53776.0,2025.0,3.0,2.0,18.0,-0.70,
53776.0,2025.0,3.0,2.0,21.0,-0.70,
53776.0,2025.0,3.0,3.0,0.0,-1.10,
53776.0,2025.0,3.0,3.0,3.0,0.00,
53776.0,2025.0,3.0,3.0,6.0,0.10,
53776.0,2025.0,3.0,3.0,9.0,-0.70,
53777.0,2025.0,3.0,1.0,12.0,14.80,
53777.0,2025.0,3.0,1.0,15.0,12.20,
53777.0,2025.0,3.0,1.0,18.0,10.50,
53777.0,2025.0,3.0,1.0,21.0,8.50,
53777.0,2025.0,3.0,2.0,0.0,6.10,
53777.0,2025.0,3.0,2.0,3.0,4.90,
53777.0,2025.0,3.0,2.0,6.0,4.70,
53777.0,2025.0,3.0,2.0,9.0,2.50,
53777.0,2025.0,3.0,2.0,12.0,2.20,
53777.0,2025.0,3.0,2.0,15.0,2.70,
53777.0,2025.0,3.0,2.0,18.0,2.30,
53777.0,2025.0,3.0,2.0,21.0,1.90,
53777.0,2025.0,3.0,3.0,0.0,1.00,
53777.0,2025.0,3.0,3.0,3.0,1.40,
53777.0,2025.0,3.0,3.0,6.0,0.20,
53777.0,2025.0,3.0,3.0,9.0,-0.30,
53778.0,2025.0,3.0,1.0,12.0,13.40,
53778.0,2025.0,3.0,1.0,15.0,11.70,
53778.0,2025.0,3.0,1.0,18.0,8.60,
53778.0,2025.0,3.0,1.0,21.0,7.30,
53778.0,2025.0,3.0,2.0,0.0,5.40,
53778.0,2025.0,3.0,2.0,3.0,3.90,
53778.0,2025.0,3.0,2.0,6.0,2.20,
53778.0,2025.0,3.0,2.0,9.0,3.10,
53778.0,2025.0,3.0,2.0,12.0,1.60,
53778.0,2025.0,3.0,2.0,15.0,1.30,
53778.0,2025.0,3.0,2.0,18.0,0.90,
53778.0,2025.0,3.0,2.0,21.0,0.20,
53778.0,2025.0,3.0,3.0,0.0,0.20,
53778.0,2025.0,3.0,3.0,3.0,1.00,
53778.0,2025.0,3.0,3.0,6.0,0.00,
53778.0,2025.0,3.0,3.0,9.0,-1.00,
53780.0,2025.0,3.0,1.0,12.0,9.00,
53780.0,2025.0,3.0,1.0,15.0,7.40,
53780.0,2025.0,3.0,1.0,18.0,5.90,
53780.0,2025.0,3.0,1.0,21.0,3.90,
53780.0,2025.0,3.0,2.0,0.0,0.80,
53780.0,2025.0,3.0,2.0,3.0,-0.50,
53780.0,2025.0,3.0,2.0,6.0,-0.90,
53780.0,2025.0,3.0,2.0,9.0,-1.70,
53780.0,2025.0,3.0,2.0,12.0,-1.90,
53780.0,2025.0,3.0,2.0,15.0,-2.90,
53780.0,2025.0,3.0,2.0,18.0,-2.90,
53780.0,2025.0,3.0,2.0,21.0,-2.90,
53780.0,2025.0,3.0,3.0,0.0,-3.10,
53780.0,2025.0,3.0,3.0,3.0,-2.80,
53780.0,2025.0,3.0,3.0,6.0,-2.50,
53780.0,2025.0,3.0,3.0,9.0,-3.40,
53782.0,2025.0,3.0,1.0,12.0,10.10,
53782.0,2025.0,3.0,1.0,15.0,9.20,
53782.0,2025.0,3.0,1.0,18.0,7.20,
53782.0,2025.0,3.0,1.0,21.0,3.70,
53782.0,2025.0,3.0,2.0,0.0,0.30,
53782.0,2025.0,3.0,2.0,3.0,-1.20,
53782.0,2025.0,3.0,2.0,6.0,-0.80,
53782.0,2025.0,3.0,2.0,9.0,-0.80,
53782.0,2025.0,3.0,2.0,12.0,-1.40,
53782.0,2025.0,3.0,2.0,15.0,-2.40,
53782.0,2025.0,3.0,2.0,18.0,-3.10,
53782.0,2025.0,3.0,2.0,21.0,-2.80,
53782.0,2025.0,3.0,3.0,0.0,-2.40,
53782.0,2025.0,3.0,3.0,3.0,-0.50,
53782.0,2025.0,3.0,3.0,6.0,-0.30,
53782.0,2025.0,3.0,3.0,9.0,-0.50,
53783.0,2025.0,3.0,1.0,12.0,9.00,
53783.0,2025.0,3.0,1.0,15.0,8.30,
53783.0,2025.0,3.0,1.0,18.0,6.50,
53783.0,2025.0,3.0,1.0,21.0,5.00,
53783.0,2025.0,3.0,2.0,0.0,0.00,
53783.0,2025.0,3.0,2.0,3.0,-1.40,
53783.0,2025.0,3.0,2.0,6.0,-1.30,
53783.0,2025.0,3.0,2.0,9.0,-1.80,
53783.0,2025.0,3.0,2.0,12.0,-2.00,
53783.0,2025.0,3.0,2.0,15.0,-2.60,
53783.0,2025.0,3.0,2.0,18.0,-3.50,
53783.0,2025.0,3.0,2.0,21.0,-3.50,
53783.0,2025.0,3.0,3.0,0.0,-3.40,
53783.0,2025.0,3.0,3.0,3.0,-2.10,
53783.0,2025.0,3.0,3.0,6.0,-1.50,
53783.0,2025.0,3.0,3.0,9.0,-1.90,
53786.0,2025.0,3.0,1.0,12.0,8.60,
53786.0,2025.0,3.0,1.0,15.0,7.90,
53786.0,2025.0,3.0,1.0,18.0,7.40,
53786.0,2025.0,3.0,1.0,21.0,5.10,
53786.0,2025.0,3.0,2.0,0.0,3.90,
53786.0,2025.0,3.0,2.0,3.0,1.60,
53786.0,2025.0,3.0,2.0,6.0,2.40,
53786.0,2025.0,3.0,2.0,9.0,-0.70,
53786.0,2025.0,3.0,2.0,12.0,-0.70,
53786.0,2025.0,3.0,2.0,15.0,-1.50,
53786.0,2025.0,3.0,2.0,18.0,-2.30,
53786.0,2025.0,3.0,2.0,21.0,-2.00,
53786.0,2025.0,3.0,3.0,0.0,-2.10,
53786.0,2025.0,3.0,3.0,3.0,-1.30,
53786.0,2025.0,3.0,3.0,6.0,-1.30,
53786.0,2025.0,3.0,3.0,9.0,-4.40,
53787.0,2025.0,3.0,1.0,12.0,10.40,
53787.0,2025.0,3.0,1.0,15.0,9.60,
53787.0,2025.0,3.0,1.0,18.0,7.10,
53787.0,2025.0,3.0,1.0,21.0,6.20,
53787.0,2025.0,3.0,2.0,0.0,4.90,
53787.0,2025.0,3.0,2.0,3.0,2.90,
53787.0,2025.0,3.0,2.0,6.0,3.70,
53787.0,2025.0,3.0,2.0,9.0,0.60,
53787.0,2025.0,3.0,2.0,12.0,0.50,
53787.0,2025.0,3.0,2.0,15.0,0.10,
53787.0,2025.0,3.0,2.0,18.0,-0.70,
53787.0,2025.0,3.0,2.0,21.0,-0.90,
53787.0,2025.0,3.0,3.0,0.0,-1.10,
53787.0,2025.0,3.0,3.0,3.0,0.20,
53787.0,2025.0,3.0,3.0,6.0,-0.60,
53787.0,2025.0,3.0,3.0,9.0,-3.40,
53788.0,2025.0,3.0,1.0,12.0,7.10,
53788.0,2025.0,3.0,1.0,15.0,6.10,
53788.0,2025.0,3.0,1.0,18.0,5.80,
53788.0,2025.0,3.0,1.0,21.0,5.10,
53788.0,2025.0,3.0,2.0,0.0,0.30,
53788.0,2025.0,3.0,2.0,3.0,-2.60,
53788.0,2025.0,3.0,2.0,6.0,-2.40,
53788.0,2025.0,3.0,2.0,9.0,-3.30,
53788.0,2025.0,3.0,2.0,12.0,-3.30,
53788.0,2025.0,3.0,2.0,15.0,-3.90,
53788.0,2025.0,3.0,2.0,18.0,-4.30,
53788.0,2025.0,3.0,2.0,21.0,-4.60,
53788.0,2025.0,3.0,3.0,0.0,-4.80,
53788.0,2025.0,3.0,3.0,3.0,-3.90,
53788.0,2025.0,3.0,3.0,6.0,-3.30,
53788.0,2025.0,3.0,3.0,9.0,-4.70,
53852.0,2025.0,3.0,1.0,12.0,13.10,
53852.0,2025.0,3.0,1.0,15.0,10.70,
53852.0,2025.0,3.0,1.0,18.0,7.60,
53852.0,2025.0,3.0,1.0,21.0,6.80,
53852.0,2025.0,3.0,2.0,0.0,6.20,
53852.0,2025.0,3.0,2.0,3.0,6.40,
53852.0,2025.0,3.0,2.0,6.0,4.10,
53852.0,2025.0,3.0,2.0,9.0,3.30,
53852.0,2025.0,3.0,2.0,12.0,1.50,
53852.0,2025.0,3.0,2.0,15.0,1.30,
53852.0,2025.0,3.0,2.0,18.0,0.50,
53852.0,2025.0,3.0,2.0,21.0,-0.20,
53852.0,2025.0,3.0,3.0,0.0,-0.30,
53852.0,2025.0,3.0,3.0,3.0,0.00,
53852.0,2025.0,3.0,3.0,6.0,0.00,
53852.0,2025.0,3.0,3.0,9.0,-0.90,
53853.0,2025.0,3.0,1.0,12.0,13.50,
53853.0,2025.0,3.0,1.0,15.0,11.20,
53853.0,2025.0,3.0,1.0,18.0,7.10,
53853.0,2025.0,3.0,1.0,21.0,6.30,
53853.0,2025.0,3.0,2.0,0.0,6.10,
53853.0,2025.0,3.0,2.0,3.0,6.20,
53853.0,2025.0,3.0,2.0,6.0,4.90,
53853.0,2025.0,3.0,2.0,9.0,4.10,
53853.0,2025.0,3.0,2.0,12.0,1.40,
53853.0,2025.0,3.0,2.0,15.0,1.70,
53853.0,2025.0,3.0,2.0,18.0,1.00,
53853.0,2025.0,3.0,2.0,21.0,-0.10,
53853.0,2025.0,3.0,3.0,0.0,-0.10,
53853.0,2025.0,3.0,3.0,3.0,-0.30,
53853.0,2025.0,3.0,3.0,6.0,0.40,
53853.0,2025.0,3.0,3.0,9.0,-0.70,
53856.0,2025.0,3.0,1.0,12.0,14.20,
53856.0,2025.0,3.0,1.0,15.0,11.50,
53856.0,2025.0,3.0,1.0,18.0,8.40,
53856.0,2025.0,3.0,1.0,21.0,7.90,
53856.0,2025.0,3.0,2.0,0.0,8.00,
53856.0,2025.0,3.0,2.0,3.0,8.70,
53856.0,2025.0,3.0,2.0,6.0,7.00,
53856.0,2025.0,3.0,2.0,9.0,6.30,
53856.0,2025.0,3.0,2.0,12.0,3.60,
53856.0,2025.0,3.0,2.0,15.0,3.70,
53856.0,2025.0,3.0,2.0,18.0,3.40,
53856.0,2025.0,3.0,2.0,21.0,2.40,
53856.0,2025.0,3.0,3.0,0.0,2.30,
53856.0,2025.0,3.0,3.0,3.0,2.70,
53856.0,2025.0,3.0,3.0,6.0,2.90,
53856.0,2025.0,3.0,3.0,9.0,2.40,
53859.0,2025.0,3.0,1.0,12.0,13.80,
53859.0,2025.0,3.0,1.0,15.0,11.60,
53859.0,2025.0,3.0,1.0,18.0,8.90,
53859.0,2025.0,3.0,1.0,21.0,8.30,
53859.0,2025.0,3.0,2.0,0.0,8.20,
53859.0,2025.0,3.0,2.0,3.0,8.70,
53859.0,2025.0,3.0,2.0,6.0,8.50,
53859.0,2025.0,3.0,2.0,9.0,6.70,
53859.0,2025.0,3.0,2.0,12.0,4.90,
53859.0,2025.0,3.0,2.0,15.0,4.40,
53859.0,2025.0,3.0,2.0,18.0,3.70,
53859.0,2025.0,3.0,2.0,21.0,2.80,
53859.0,2025.0,3.0,3.0,0.0,2.60,
53859.0,2025.0,3.0,3.0,3.0,0.80,
53859.0,2025.0,3.0,3.0,6.0,1.80,
53859.0,2025.0,3.0,3.0,9.0,0.60,
53860.0,2025.0,3.0,1.0,12.0,8.10,
53860.0,2025.0,3.0,1.0,15.0,8.20,
53860.0,2025.0,3.0,1.0,18.0,5.00,
53860.0,2025.0,3.0,1.0,21.0,4.30,
53860.0,2025.0,3.0,2.0,0.0,4.30,
53860.0,2025.0,3.0,2.0,3.0,1.90,
53860.0,2025.0,3.0,2.0,6.0,0.40,
53860.0,2025.0,3.0,2.0,9.0,-0.60,
53860.0,2025.0,3.0,2.0,12.0,-1.40,
53860.0,2025.0,3.0,2.0,15.0,-1.50,
53860.0,2025.0,3.0,2.0,18.0,-2.50,
53860.0,2025.0,3.0,2.0,21.0,-3.50,
53860.0,2025.0,3.0,3.0,0.0,-4.10,
53860.0,2025.0,3.0,3.0,3.0,-4.20,
53860.0,2025.0,3.0,3.0,6.0,-3.90,
53860.0,2025.0,3.0,3.0,9.0,-4.80,
53861.0,2025.0,3.0,1.0,12.0,15.10,
53861.0,2025.0,3.0,1.0,15.0,13.40,
53861.0,2025.0,3.0,1.0,18.0,12.20,
53861.0,2025.0,3.0,1.0,21.0,10.80,
53861.0,2025.0,3.0,2.0,0.0,9.40,
53861.0,2025.0,3.0,2.0,3.0,9.90,
53861.0,2025.0,3.0,2.0,6.0,7.50,
53861.0,2025.0,3.0,2.0,9.0,7.30,
53861.0,2025.0,3.0,2.0,12.0,5.50,
53861.0,2025.0,3.0,2.0,15.0,5.10,
53861.0,2025.0,3.0,2.0,18.0,4.70,
53861.0,2025.0,3.0,2.0,21.0,4.10,
53861.0,2025.0,3.0,3.0,0.0,3.60,
53861.0,2025.0,3.0,3.0,3.0,1.30,
53861.0,2025.0,3.0,3.0,6.0,1.00,
53861.0,2025.0,3.0,3.0,9.0,2.20,
53862.0,2025.0,3.0,1.0,12.0,11.40,
53862.0,2025.0,3.0,1.0,15.0,10.50,
53862.0,2025.0,3.0,1.0,18.0,9.20,
53862.0,2025.0,3.0,1.0,21.0,6.90,
53862.0,2025.0,3.0,2.0,0.0,7.30,
53862.0,2025.0,3.0,2.0,3.0,3.80,
53862.0,2025.0,3.0,2.0,6.0,2.80,
53862.0,2025.0,3.0,2.0,9.0,3.30,
53862.0,2025.0,3.0,2.0,12.0,1.60,
53862.0,2025.0,3.0,2.0,15.0,1.20,
53862.0,2025.0,3.0,2.0,18.0,1.20,
53862.0,2025.0,3.0,2.0,21.0,0.50,
53862.0,2025.0,3.0,3.0,0.0,0.10,
53862.0,2025.0,3.0,3.0,3.0,0.10,
53862.0,2025.0,3.0,3.0,6.0,-0.10,
53862.0,2025.0,3.0,3.0,9.0,-1.10,
53863.0,2025.0,3.0,1.0,12.0,11.70,
53863.0,2025.0,3.0,1.0,15.0,10.50,
53863.0,2025.0,3.0,1.0,18.0,8.90,
53863.0,2025.0,3.0,1.0,21.0,7.70,
53863.0,2025.0,3.0,2.0,0.0,6.70,
53863.0,2025.0,3.0,2.0,3.0,4.20,
53863.0,2025.0,3.0,2.0,6.0,2.20,
53863.0,2025.0,3.0,2.0,9.0,4.00,
53863.0,2025.0,3.0,2.0,12.0,1.50,
53863.0,2025.0,3.0,2.0,15.0,1.60,
53863.0,2025.0,3.0,2.0,18.0,1.40,
53863.0,2025.0,3.0,2.0,21.0,0.50,
53863.0,2025.0,3.0,3.0,0.0,0.50,
53863.0,2025.0,3.0,3.0,3.0,1.90,
53863.0,2025.0,3.0,3.0,6.0,-0.50,
53863.0,2025.0,3.0,3.0,9.0,-1.10,
53864.0,2025.0,3.0,1.0,12.0,10.60,
53864.0,2025.0,3.0,1.0,15.0,10.70,
53864.0,2025.0,3.0,1.0,18.0,7.90,
53864.0,2025.0,3.0,1.0,21.0,7.40,
53864.0,2025.0,3.0,2.0,0.0,6.30,
53864.0,2025.0,3.0,2.0,3.0,5.60,
53864.0,2025.0,3.0,2.0,6.0,4.20,
53864.0,2025.0,3.0,2.0,9.0,3.60,
53864.0,2025.0,3.0,2.0,12.0,1.50,
53864.0,2025.0,3.0,2.0,15.0,1.90,
53864.0,2025.0,3.0,2.0,18.0,0.90,
53864.0,2025.0,3.0,2.0,21.0,0.20,
53864.0,2025.0,3.0,3.0,0.0,-0.20,
53864.0,2025.0,3.0,3.0,3.0,-1.10,
53864.0,2025.0,3.0,3.0,6.0,-1.30,
53864.0,2025.0,3.0,3.0,9.0,-1.50,
53865.0,2025.0,3.0,1.0,12.0,11.50,
53865.0,2025.0,3.0,1.0,15.0,10.10,
53865.0,2025.0,3.0,1.0,18.0,6.80,
53865.0,2025.0,3.0,1.0,21.0,5.20,
53865.0,2025.0,3.0,2.0,0.0,5.50,
53865.0,2025.0,3.0,2.0,3.0,1.60,
53865.0,2025.0,3.0,2.0,6.0,0.20,
53865.0,2025.0,3.0,2.0,9.0,0.00,
53865.0,2025.0,3.0,2.0,12.0,-0.80,
53865.0,2025.0,3.0,2.0,15.0,-1.30,
53865.0,2025.0,3.0,2.0,18.0,-1.80,
53865.0,2025.0,3.0,2.0,21.0,-2.50,
53865.0,2025.0,3.0,3.0,0.0,-3.00,
53865.0,2025.0,3.0,3.0,3.0,-2.90,
53865.0,2025.0,3.0,3.0,6.0,-2.50,
53865.0,2025.0,3.0,3.0,9.0,-3.30,
53866.0,2025.0,3.0,1.0,12.0,16.00,
53866.0,2025.0,3.0,1.0,15.0,14.10,
53866.0,2025.0,3.0,1.0,18.0,13.50,
53866.0,2025.0,3.0,1.0,21.0,10.30,
53866.0,2025.0,3.0,2.0,0.0,9.80,
53866.0,2025.0,3.0,2.0,3.0,8.90,
53866.0,2025.0,3.0,2.0,6.0,7.20,
53866.0,2025.0,3.0,2.0,9.0,6.50,
53866.0,2025.0,3.0,2.0,12.0,4.90,
53866.0,2025.0,3.0,2.0,15.0,4.80,
53866.0,2025.0,3.0,2.0,18.0,4.40,
53866.0,2025.0,3.0,2.0,21.0,4.20,
53866.0,2025.0,3.0,3.0,0.0,3.60,
53866.0,2025.0,3.0,3.0,3.0,3.40,
53866.0,2025.0,3.0,3.0,6.0,1.60,
53866.0,2025.0,3.0,3.0,9.0,2.00,
53868.0,2025.0,3.0,1.0,12.0,16.50,
53868.0,2025.0,3.0,1.0,15.0,14.90,
53868.0,2025.0,3.0,1.0,18.0,13.40,
53868.0,2025.0,3.0,1.0,21.0,11.10,
53868.0,2025.0,3.0,2.0,0.0,10.30,
53868.0,2025.0,3.0,2.0,3.0,10.10,
53868.0,2025.0,3.0,2.0,6.0,7.60,
53868.0,2025.0,3.0,2.0,9.0,7.30,
53868.0,2025.0,3.0,2.0,12.0,5.70,
53868.0,2025.0,3.0,2.0,15.0,5.40,
53868.0,2025.0,3.0,2.0,18.0,5.00,
53868.0,2025.0,3.0,2.0,21.0,4.60,
53868.0,2025.0,3.0,3.0,0.0,4.40,
53868.0,2025.0,3.0,3.0,3.0,1.80,
53868.0,2025.0,3.0,3.0,6.0,1.40,
53868.0,2025.0,3.0,3.0,9.0,2.30,
53869.0,2025.0,3.0,1.0,12.0,14.20,
53869.0,2025.0,3.0,1.0,15.0,13.30,
53869.0,2025.0,3.0,1.0,18.0,11.70,
53869.0,2025.0,3.0,1.0,21.0,8.90,
53869.0,2025.0,3.0,2.0,0.0,9.20,
53869.0,2025.0,3.0,2.0,3.0,6.40,
53869.0,2025.0,3.0,2.0,6.0,5.10,
53869.0,2025.0,3.0,2.0,9.0,5.20,
53869.0,2025.0,3.0,2.0,12.0,3.30,
53869.0,2025.0,3.0,2.0,15.0,3.30,
53869.0,2025.0,3.0,2.0,18.0,3.30,
53869.0,2025.0,3.0,2.0,21.0,3.00,
53869.0,2025.0,3.0,3.0,0.0,2.40,
53869.0,2025.0,3.0,3.0,3.0,2.20,
53869.0,2025.0,3.0,3.0,6.0,2.40,
53869.0,2025.0,3.0,3.0,9.0,1.00,
53871.0,2025.0,3.0,1.0,12.0,11.20,
53871.0,2025.0,3.0,1.0,15.0,9.50,
53871.0,2025.0,3.0,1.0,18.0,7.90,
53871.0,2025.0,3.0,1.0,21.0,6.70,
53871.0,2025.0,3.0,2.0,0.0,5.30,
53871.0,2025.0,3.0,2.0,3.0,3.00,
53871.0,2025.0,3.0,2.0,6.0,2.10,
53871.0,2025.0,3.0,2.0,9.0,1.10,
53871.0,2025.0,3.0,2.0,12.0,0.00,
53871.0,2025.0,3.0,2.0,15.0,-0.20,
53871.0,2025.0,3.0,2.0,18.0,-0.50,
53871.0,2025.0,3.0,2.0,21.0,-0.90,
53871.0,2025.0,3.0,3.0,0.0,-1.10,
53871.0,2025.0,3.0,3.0,3.0,-1.00,
53871.0,2025.0,3.0,3.0,6.0,-2.00,
53871.0,2025.0,3.0,3.0,9.0,-4.10,
53872.0,2025.0,3.0,1.0,12.0,12.10,
53872.0,2025.0,3.0,1.0,15.0,10.10,
53872.0,2025.0,3.0,1.0,18.0,8.10,
53872.0,2025.0,3.0,1.0,21.0,6.40,
53872.0,2025.0,3.0,2.0,0.0,5.80,
53872.0,2025.0,3.0,2.0,3.0,3.80,
53872.0,2025.0,3.0,2.0,6.0,1.90,
53872.0,2025.0,3.0,2.0,9.0,1.60,
53872.0,2025.0,3.0,2.0,12.0,-0.10,
53872.0,2025.0,3.0,2.0,15.0,-0.30,
53872.0,2025.0,3.0,2.0,18.0,-0.20,
53872.0,2025.0,3.0,2.0,21.0,-1.80,
53872.0,2025.0,3.0,3.0,0.0,-2.00,
53872.0,2025.0,3.0,3.0,3.0,-0.60,
53872.0,2025.0,3.0,3.0,6.0,-2.50,
53872.0,2025.0,3.0,3.0,9.0,-3.70,
53873.0,2025.0,3.0,1.0,12.0,10.60,
53873.0,2025.0,3.0,1.0,15.0,9.70,
53873.0,2025.0,3.0,1.0,18.0,8.20,
53873.0,2025.0,3.0,1.0,21.0,8.00,
53873.0,2025.0,3.0,2.0,0.0,6.50,
53873.0,2025.0,3.0,2.0,3.0,3.40,
53873.0,2025.0,3.0,2.0,6.0,1.50,
53873.0,2025.0,3.0,2.0,9.0,1.40,
53873.0,2025.0,3.0,2.0,12.0,0.30,
53873.0,2025.0,3.0,2.0,15.0,-0.10,
53873.0,2025.0,3.0,2.0,18.0,-0.70,
53873.0,2025.0,3.0,2.0,21.0,-1.40,
53873.0,2025.0,3.0,3.0,0.0,-1.70,
53873.0,2025.0,3.0,3.0,3.0,-3.40,
53873.0,2025.0,3.0,3.0,6.0,-1.50,
53873.0,2025.0,3.0,3.0,9.0,-3.90,
53874.0,2025.0,3.0,1.0,12.0,14.20,
53874.0,2025.0,3.0,1.0,15.0,12.80,
53874.0,2025.0,3.0,1.0,18.0,11.40,
53874.0,2025.0,3.0,1.0,21.0,9.90,
53874.0,2025.0,3.0,2.0,0.0,8.70,
53874.0,2025.0,3.0,2.0,3.0,9.00,
53874.0,2025.0,3.0,2.0,6.0,6.70,
53874.0,2025.0,3.0,2.0,9.0,7.00,
53874.0,2025.0,3.0,2.0,12.0,4.70,
53874.0,2025.0,3.0,2.0,15.0,4.50,
53874.0,2025.0,3.0,2.0,18.0,4.20,
53874.0,2025.0,3.0,2.0,21.0,2.60,
53874.0,2025.0,3.0,3.0,0.0,1.70,
53874.0,2025.0,3.0,3.0,3.0,1.50,
53874.0,2025.0,3.0,3.0,6.0,-0.30,
53874.0,2025.0,3.0,3.0,9.0,0.50,
53875.0,2025.0,3.0,1.0,12.0,12.20,
53875.0,2025.0,3.0,1.0,15.0,10.40,
53875.0,2025.0,3.0,1.0,18.0,8.80,
53875.0,2025.0,3.0,1.0,21.0,7.80,
53875.0,2025.0,3.0,2.0,0.0,6.90,
53875.0,2025.0,3.0,2.0,3.0,5.70,
53875.0,2025.0,3.0,2.0,6.0,2.80,
53875.0,2025.0,3.0,2.0,9.0,3.50,
53875.0,2025.0,3.0,2.0,12.0,1.10,
53875.0,2025.0,3.0,2.0,15.0,1.00,
53875.0,2025.0,3.0,2.0,18.0,0.80,
53875.0,2025.0,3.0,2.0,21.0,-0.90,
53875.0,2025.0,3.0,3.0,0.0,-1.90,
53875.0,2025.0,3.0,3.0,3.0,-1.60,
53875.0,2025.0,3.0,3.0,6.0,-2.90,
53875.0,2025.0,3.0,3.0,9.0,-2.60,
53877.0,2025.0,3.0,1.0,12.0,10.30,
53877.0,2025.0,3.0,1.0,15.0,9.70,
53877.0,2025.0,3.0,1.0,18.0,7.80,
53877.0,2025.0,3.0,1.0,21.0,7.10,
53877.0,2025.0,3.0,2.0,0.0,7.20,
53877.0,2025.0,3.0,2.0,3.0,5.40,
53877.0,2025.0,3.0,2.0,6.0,3.10,
53877.0,2025.0,3.0,2.0,9.0,3.20,
53877.0,2025.0,3.0,2.0,12.0,1.20,
53877.0,2025.0,3.0,2.0,15.0,0.70,
53877.0,2025.0,3.0,2.0,18.0,0.20,
53877.0,2025.0,3.0,2.0,21.0,-1.20,
53877.0,2025.0,3.0,3.0,0.0,-1.30,
53877.0,2025.0,3.0,3.0,3.0,-3.10,
53877.0,2025.0,3.0,3.0,6.0,-3.90,
53877.0,2025.0,3.0,3.0,9.0,-3.50,
53878.0,2025.0,3.0,1.0,12.0,12.00,
53878.0,2025.0,3.0,1.0,15.0,11.10,
53878.0,2025.0,3.0,1.0,18.0,8.70,
53878.0,2025.0,3.0,1.0,21.0,8.50,
53878.0,2025.0,3.0,2.0,0.0,5.40,
53878.0,2025.0,3.0,2.0,3.0,0.70,
53878.0,2025.0,3.0,2.0,6.0,0.60,
53878.0,2025.0,3.0,2.0,9.0,0.00,
53878.0,2025.0,3.0,2.0,12.0,0.30,
53878.0,2025.0,3.0,2.0,15.0,-0.30,
53878.0,2025.0,3.0,2.0,18.0,-0.70,
53878.0,2025.0,3.0,2.0,21.0,-1.10,
53878.0,2025.0,3.0,3.0,0.0,-0.80,
53878.0,2025.0,3.0,3.0,3.0,-0.20,
53878.0,2025.0,3.0,3.0,6.0,0.30,
53878.0,2025.0,3.0,3.0,9.0,-1.40,
53879.0,2025.0,3.0,1.0,12.0,11.90,
53879.0,2025.0,3.0,1.0,15.0,9.50,
53879.0,2025.0,3.0,1.0,18.0,8.60,
53879.0,2025.0,3.0,1.0,21.0,7.70,
53879.0,2025.0,3.0,2.0,0.0,5.80,
53879.0,2025.0,3.0,2.0,3.0,2.80,
53879.0,2025.0,3.0,2.0,6.0,1.80,
53879.0,2025.0,3.0,2.0,9.0,1.30,
53879.0,2025.0,3.0,2.0,12.0,0.10,
53879.0,2025.0,3.0,2.0,15.0,-0.30,
53879.0,2025.0,3.0,2.0,18.0,-1.00,
53879.0,2025.0,3.0,2.0,21.0,-1.80,
53879.0,2025.0,3.0,3.0,0.0,-1.80,
53879.0,2025.0,3.0,3.0,3.0,-1.70,
53879.0,2025.0,3.0,3.0,6.0,-1.90,
53879.0,2025.0,3.0,3.0,9.0,-3.40,
53880.0,2025.0,3.0,1.0,12.0,10.60,
53880.0,2025.0,3.0,1.0,15.0,9.30,
53880.0,2025.0,3.0,1.0,18.0,7.10,
53880.0,2025.0,3.0,1.0,21.0,7.10,
53880.0,2025.0,3.0,2.0,0.0,4.40,
53880.0,2025.0,3.0,2.0,3.0,0.70,
53880.0,2025.0,3.0,2.0,6.0,0.30,
53880.0,2025.0,3.0,2.0,9.0,-0.40,
53880.0,2025.0,3.0,2.0,12.0,-0.70,
53880.0,2025.0,3.0,2.0,15.0,-1.20,
53880.0,2025.0,3.0,2.0,18.0,-2.40,
53880.0,2025.0,3.0,2.0,21.0,-2.80,
53880.0,2025.0,3.0,3.0,0.0,-2.50,
53880.0,2025.0,3.0,3.0,3.0,-2.20,
53880.0,2025.0,3.0,3.0,6.0,-1.70,
53880.0,2025.0,3.0,3.0,9.0,-3.90,
53882.0,2025.0,3.0,1.0,12.0,9.70,
53882.0,2025.0,3.0,1.0,15.0,8.70,
53882.0,2025.0,3.0,1.0,18.0,7.40,
53882.0,2025.0,3.0,1.0,21.0,7.30,
53882.0,2025.0,3.0,2.0,0.0,5.30,
53882.0,2025.0,3.0,2.0,3.0,1.80,
53882.0,2025.0,3.0,2.0,6.0,1.10,
53882.0,2025.0,3.0,2.0,9.0,0.00,
53882.0,2025.0,3.0,2.0,12.0,-1.00,
53882.0,2025.0,3.0,2.0,15.0,-1.30,
53882.0,2025.0,3.0,2.0,18.0,-1.90,
53882.0,2025.0,3.0,2.0,21.0,-2.60,
53882.0,2025.0,3.0,3.0,0.0,-2.60,
53882.0,2025.0,3.0,3.0,3.0,-4.20,
53882.0,2025.0,3.0,3.0,6.0,-3.10,
53882.0,2025.0,3.0,3.0,9.0,-5.10,
53884.0,2025.0,3.0,1.0,12.0,11.40,
53884.0,2025.0,3.0,1.0,15.0,10.10,
53884.0,2025.0,3.0,1.0,18.0,8.60,
53884.0,2025.0,3.0,1.0,21.0,8.10,
53884.0,2025.0,3.0,2.0,0.0,6.00,
53884.0,2025.0,3.0,2.0,3.0,1.60,
53884.0,2025.0,3.0,2.0,6.0,1.70,
53884.0,2025.0,3.0,2.0,9.0,0.80,
53884.0,2025.0,3.0,2.0,12.0,0.10,
53884.0,2025.0,3.0,2.0,15.0,-0.50,
53884.0,2025.0,3.0,2.0,18.0,-1.30,
53884.0,2025.0,3.0,2.0,21.0,-1.30,
53884.0,2025.0,3.0,3.0,0.0,-1.60,
53884.0,2025.0,3.0,3.0,3.0,-1.20,
53884.0,2025.0,3.0,3.0,6.0,-0.90,
53884.0,2025.0,3.0,3.0,9.0,-2.80,
53885.0,2025.0,3.0,1.0,12.0,9.60,
53885.0,2025.0,3.0,1.0,15.0,7.70,
53885.0,2025.0,3.0,1.0,18.0,6.80,
53885.0,2025.0,3.0,1.0,21.0,6.10,
53885.0,2025.0,3.0,2.0,0.0,4.40,
53885.0,2025.0,3.0,2.0,3.0,1.10,
53885.0,2025.0,3.0,2.0,6.0,-0.10,
53885.0,2025.0,3.0,2.0,9.0,-1.10,
53885.0,2025.0,3.0,2.0,12.0,-1.80,
53885.0,2025.0,3.0,2.0,15.0,-2.20,
53885.0,2025.0,3.0,2.0,18.0,-3.00,
53885.0,2025.0,3.0,2.0,21.0,-3.60,
53885.0,2025.0,3.0,3.0,0.0,-3.20,
53885.0,2025.0,3.0,3.0,3.0,-3.60,
53885.0,2025.0,3.0,3.0,6.0,-2.90,
53885.0,2025.0,3.0,3.0,9.0,-5.20,
53888.0,2025.0,3.0,1.0,12.0,9.60,
53888.0,2025.0,3.0,1.0,15.0,9.50,
53888.0,2025.0,3.0,1.0,18.0,8.40,
53888.0,2025.0,3.0,1.0,21.0,7.00,
53888.0,2025.0,3.0,2.0,0.0,4.40,
53888.0,2025.0,3.0,2.0,3.0,0.80,
53888.0,2025.0,3.0,2.0,6.0,-0.20,
53888.0,2025.0,3.0,2.0,9.0,-0.90,
53888.0,2025.0,3.0,2.0,12.0,-1.70,
53888.0,2025.0,3.0,2.0,15.0,-1.90,
53888.0,2025.0,3.0,2.0,18.0,-2.60,
53888.0,2025.0,3.0,2.0,21.0,-2.80,
53888.0,2025.0,3.0,3.0,0.0,-3.30,
53888.0,2025.0,3.0,3.0,3.0,-3.30,
53888.0,2025.0,3.0,3.0,6.0,-2.90,
53888.0,2025.0,3.0,3.0,9.0,-4.70,
53953.0,2025.0,3.0,1.0,12.0,10.30,
53953.0,2025.0,3.0,1.0,15.0,9.60,
53953.0,2025.0,3.0,1.0,18.0,7.20,
53953.0,2025.0,3.0,1.0,21.0,6.60,
53953.0,2025.0,3.0,2.0,0.0,6.20,
53953.0,2025.0,3.0,2.0,3.0,6.40,
53953.0,2025.0,3.0,2.0,6.0,4.00,
53953.0,2025.0,3.0,2.0,9.0,2.20,
53953.0,2025.0,3.0,2.0,12.0,1.50,
53953.0,2025.0,3.0,2.0,15.0,0.60,
53953.0,2025.0,3.0,2.0,18.0,-0.10,
53953.0,2025.0,3.0,2.0,21.0,-1.30,
53953.0,2025.0,3.0,3.0,0.0,-2.20,
53953.0,2025.0,3.0,3.0,3.0,-4.00,
53953.0,2025.0,3.0,3.0,6.0,-3.40,
53953.0,2025.0,3.0,3.0,9.0,-4.50,
53954.0,2025.0,3.0,1.0,12.0,15.20,
53954.0,2025.0,3.0,1.0,15.0,14.70,
53954.0,2025.0,3.0,1.0,18.0,13.60,
53954.0,2025.0,3.0,1.0,21.0,11.90,
53954.0,2025.0,3.0,2.0,0.0,10.50,
53954.0,2025.0,3.0,2.0,3.0,11.30,
53954.0,2025.0,3.0,2.0,6.0,10.50,
53954.0,2025.0,3.0,2.0,9.0,9.00,
53954.0,2025.0,3.0,2.0,12.0,7.50,
53954.0,2025.0,3.0,2.0,15.0,6.80,
53954.0,2025.0,3.0,2.0,18.0,6.60,
53954.0,2025.0,3.0,2.0,21.0,5.50,
53954.0,2025.0,3.0,3.0,0.0,3.90,
53954.0,2025.0,3.0,3.0,3.0,2.00,
53954.0,2025.0,3.0,3.0,6.0,1.90,
53954.0,2025.0,3.0,3.0,9.0,2.40,
53956.0,2025.0,3.0,1.0,12.0,15.30,
53956.0,2025.0,3.0,1.0,15.0,13.80,
53956.0,2025.0,3.0,1.0,18.0,12.60,
53956.0,2025.0,3.0,1.0,21.0,11.20,
53956.0,2025.0,3.0,2.0,0.0,10.40,
53956.0,2025.0,3.0,2.0,3.0,9.60,
53956.0,2025.0,3.0,2.0,6.0,8.50,
53956.0,2025.0,3.0,2.0,9.0,6.90,
53956.0,2025.0,3.0,2.0,12.0,6.10,
53956.0,2025.0,3.0,2.0,15.0,5.00,
53956.0,2025.0,3.0,2.0,18.0,4.40,
53956.0,2025.0,3.0,2.0,21.0,3.30,
53956.0,2025.0,3.0,3.0,0.0,1.60,
53956.0,2025.0,3.0,3.0,3.0,0.30,
53956.0,2025.0,3.0,3.0,6.0,0.70,
53956.0,2025.0,3.0,3.0,9.0,0.80,
53957.0,2025.0,3.0,1.0,12.0,15.40,
53957.0,2025.0,3.0,1.0,15.0,14.50,
53957.0,2025.0,3.0,1.0,18.0,13.70,
53957.0,2025.0,3.0,1.0,21.0,11.80,
53957.0,2025.0,3.0,2.0,0.0,11.10,
53957.0,2025.0,3.0,2.0,3.0,10.70,
53957.0,2025.0,3.0,2.0,6.0,11.20,
53957.0,2025.0,3.0,2.0,9.0,9.10,
53957.0,2025.0,3.0,2.0,12.0,8.50,
53957.0,2025.0,3.0,2.0,15.0,7.40,
53957.0,2025.0,3.0,2.0,18.0,6.40,
53957.0,2025.0,3.0,2.0,21.0,5.40,
53957.0,2025.0,3.0,3.0,0.0,4.20,
53957.0,2025.0,3.0,3.0,3.0,1.70,
53957.0,2025.0,3.0,3.0,6.0,2.50,
53957.0,2025.0,3.0,3.0,9.0,2.80,
53958.0,2025.0,3.0,1.0,12.0,15.00,
53958.0,2025.0,3.0,1.0,15.0,14.70,
53958.0,2025.0,3.0,1.0,18.0,13.30,
53958.0,2025.0,3.0,1.0,21.0,10.40,
53958.0,2025.0,3.0,2.0,0.0,10.50,
53958.0,2025.0,3.0,2.0,3.0,8.10,
53958.0,2025.0,3.0,2.0,6.0,7.60,
53958.0,2025.0,3.0,2.0,9.0,8.50,
53958.0,2025.0,3.0,2.0,12.0,7.30,
53958.0,2025.0,3.0,2.0,15.0,6.40,
53958.0,2025.0,3.0,2.0,18.0,5.80,
53958.0,2025.0,3.0,2.0,21.0,4.10,
53958.0,2025.0,3.0,3.0,0.0,0.30,
53958.0,2025.0,3.0,3.0,3.0,-0.50,
53958.0,2025.0,3.0,3.0,6.0,-0.10,
53958.0,2025.0,3.0,3.0,9.0,0.50,
53959.0,2025.0,3.0,1.0,12.0,15.30,
53959.0,2025.0,3.0,1.0,15.0,15.10,
53959.0,2025.0,3.0,1.0,18.0,13.50,
53959.0,2025.0,3.0,1.0,21.0,11.40,
53959.0,2025.0,3.0,2.0,0.0,10.60,
53959.0,2025.0,3.0,2.0,3.0,8.70,
53959.0,2025.0,3.0,2.0,6.0,8.20,
53959.0,2025.0,3.0,2.0,9.0,7.80,
53959.0,2025.0,3.0,2.0,12.0,7.20,
53959.0,2025.0,3.0,2.0,15.0,6.40,
53959.0,2025.0,3.0,2.0,18.0,4.40,
53959.0,2025.0,3.0,2.0,21.0,2.80,
53959.0,2025.0,3.0,3.0,0.0,-0.20,
53959.0,2025.0,3.0,3.0,3.0,-0.30,
53959.0,2025.0,3.0,3.0,6.0,0.20,
53959.0,2025.0,3.0,3.0,9.0,0.70,
53961.0,2025.0,3.0,1.0,12.0,14.10,
53961.0,2025.0,3.0,1.0,15.0,13.00,
53961.0,2025.0,3.0,1.0,18.0,11.30,
53961.0,2025.0,3.0,1.0,21.0,10.70,
53961.0,2025.0,3.0,2.0,0.0,10.30,
53961.0,2025.0,3.0,2.0,3.0,10.50,
53961.0,2025.0,3.0,2.0,6.0,9.10,
53961.0,2025.0,3.0,2.0,9.0,9.20,
53961.0,2025.0,3.0,2.0,12.0,7.00,
53961.0,2025.0,3.0,2.0,15.0,6.30,
53961.0,2025.0,3.0,2.0,18.0,5.50,
53961.0,2025.0,3.0,2.0,21.0,4.80,
53961.0,2025.0,3.0,3.0,0.0,2.10,
53961.0,2025.0,3.0,3.0,3.0,1.90,
53961.0,2025.0,3.0,3.0,6.0,2.10,
53961.0,2025.0,3.0,3.0,9.0,2.50,
53962.0,2025.0,3.0,1.0,12.0,14.10,
53962.0,2025.0,3.0,1.0,15.0,11.70,
53962.0,2025.0,3.0,1.0,18.0,11.00,
53962.0,2025.0,3.0,1.0,21.0,10.20,
53962.0,2025.0,3.0,2.0,0.0,10.30,
53962.0,2025.0,3.0,2.0,3.0,9.50,
53962.0,2025.0,3.0,2.0,6.0,8.40,
53962.0,2025.0,3.0,2.0,9.0,8.40,
53962.0,2025.0,3.0,2.0,12.0,6.20,
53962.0,2025.0,3.0,2.0,15.0,5.30,
53962.0,2025.0,3.0,2.0,18.0,4.70,
53962.0,2025.0,3.0,2.0,21.0,4.00,
53962.0,2025.0,3.0,3.0,0.0,1.70,
53962.0,2025.0,3.0,3.0,3.0,1.10,
53962.0,2025.0,3.0,3.0,6.0,0.90,
53962.0,2025.0,3.0,3.0,9.0,1.70,
53963.0,2025.0,3.0,1.0,12.0,14.90,
53963.0,2025.0,3.0,1.0,15.0,13.10,
53963.0,2025.0,3.0,1.0,18.0,12.40,
53963.0,2025.0,3.0,1.0,21.0,11.10,
53963.0,2025.0,3.0,2.0,0.0,10.80,
53963.0,2025.0,3.0,2.0,3.0,10.60,
53963.0,2025.0,3.0,2.0,6.0,8.40,
53963.0,2025.0,3.0,2.0,9.0,7.60,
53963.0,2025.0,3.0,2.0,12.0,6.20,
53963.0,2025.0,3.0,2.0,15.0,5.40,
53963.0,2025.0,3.0,2.0,18.0,5.10,
53963.0,2025.0,3.0,2.0,21.0,4.50,
53963.0,2025.0,3.0,3.0,0.0,2.10,
53963.0,2025.0,3.0,3.0,3.0,2.50,
53963.0,2025.0,3.0,3.0,6.0,2.60,
53963.0,2025.0,3.0,3.0,9.0,2.50,
53964.0,2025.0,3.0,1.0,12.0,15.20,
53964.0,2025.0,3.0,1.0,15.0,15.00,
53964.0,2025.0,3.0,1.0,18.0,13.70,
53964.0,2025.0,3.0,1.0,21.0,12.10,
53964.0,2025.0,3.0,2.0,0.0,10.50,
53964.0,2025.0,3.0,2.0,3.0,10.40,
53964.0,2025.0,3.0,2.0,6.0,8.90,
53964.0,2025.0,3.0,2.0,9.0,8.20,
53964.0,2025.0,3.0,2.0,12.0,6.70,
53964.0,2025.0,3.0,2.0,15.0,5.90,
53964.0,2025.0,3.0,2.0,18.0,5.40,
53964.0,2025.0,3.0,2.0,21.0,4.80,
53964.0,2025.0,3.0,3.0,0.0,3.10,
53964.0,2025.0,3.0,3.0,3.0,2.40,
53964.0,2025.0,3.0,3.0,6.0,3.10,
53964.0,2025.0,3.0,3.0,9.0,2.00,
53965.0,2025.0,3.0,1.0,12.0,11.90,
53965.0,2025.0,3.0,1.0,15.0,12.30,
53965.0,2025.0,3.0,1.0,18.0,10.20,
53965.0,2025.0,3.0,1.0,21.0,9.60,
53965.0,2025.0,3.0,2.0,0.0,9.20,
53965.0,2025.0,3.0,2.0,3.0,8.40,
53965.0,2025.0,3.0,2.0,6.0,7.50,
53965.0,2025.0,3.0,2.0,9.0,6.90,
53965.0,2025.0,3.0,2.0,12.0,4.80,
53965.0,2025.0,3.0,2.0,15.0,3.80,
53965.0,2025.0,3.0,2.0,18.0,2.90,
53965.0,2025.0,3.0,2.0,21.0,0.30,
53965.0,2025.0,3.0,3.0,0.0,-1.80,
53965.0,2025.0,3.0,3.0,3.0,-2.00,
53965.0,2025.0,3.0,3.0,6.0,-0.80,
53965.0,2025.0,3.0,3.0,9.0,-1.00,
53966.0,2025.0,3.0,1.0,12.0,10.20,
53966.0,2025.0,3.0,1.0,15.0,10.30,
53966.0,2025.0,3.0,1.0,18.0,8.70,
53966.0,2025.0,3.0,1.0,21.0,7.80,
53966.0,2025.0,3.0,2.0,0.0,6.50,
53966.0,2025.0,3.0,2.0,3.0,6.10,
53966.0,2025.0,3.0,2.0,6.0,4.10,
53966.0,2025.0,3.0,2.0,9.0,4.00,
53966.0,2025.0,3.0,2.0,12.0,2.10,
53966.0,2025.0,3.0,2.0,15.0,1.40,
53966.0,2025.0,3.0,2.0,18.0,0.60,
53966.0,2025.0,3.0,2.0,21.0,-0.50,
53966.0,2025.0,3.0,3.0,0.0,-1.20,
53966.0,2025.0,3.0,3.0,3.0,-3.10,
53966.0,2025.0,3.0,3.0,6.0,-3.70,
53966.0,2025.0,3.0,3.0,9.0,-2.80,
53967.0,2025.0,3.0,1.0,12.0,13.40,
53967.0,2025.0,3.0,1.0,15.0,14.30,
53967.0,2025.0,3.0,1.0,18.0,13.50,
53967.0,2025.0,3.0,1.0,21.0,11.70,
53967.0,2025.0,3.0,2.0,0.0,10.40,
53967.0,2025.0,3.0,2.0,3.0,10.00,
53967.0,2025.0,3.0,2.0,6.0,7.90,
53967.0,2025.0,3.0,2.0,9.0,7.60,
53967.0,2025.0,3.0,2.0,12.0,6.80,
53967.0,2025.0,3.0,2.0,15.0,6.60,
53967.0,2025.0,3.0,2.0,18.0,5.70,
53967.0,2025.0,3.0,2.0,21.0,3.20,
53967.0,2025.0,3.0,3.0,0.0,0.50,
53967.0,2025.0,3.0,3.0,3.0,0.80,
53967.0,2025.0,3.0,3.0,6.0,1.30,
53967.0,2025.0,3.0,3.0,9.0,1.70,
53968.0,2025.0,3.0,1.0,12.0,13.30,
53968.0,2025.0,3.0,1.0,15.0,11.80,
53968.0,2025.0,3.0,1.0,18.0,11.10,
53968.0,2025.0,3.0,1.0,21.0,11.10,
53968.0,2025.0,3.0,2.0,0.0,12.00,
53968.0,2025.0,3.0,2.0,3.0,11.20,
53968.0,2025.0,3.0,2.0,6.0,9.00,
53968.0,2025.0,3.0,2.0,9.0,6.60,
53968.0,2025.0,3.0,2.0,12.0,4.80,
53968.0,2025.0,3.0,2.0,15.0,4.20,
53968.0,2025.0,3.0,2.0,18.0,2.00,
53968.0,2025.0,3.0,2.0,21.0,0.70,
53968.0,2025.0,3.0,3.0,0.0,-1.20,
53968.0,2025.0,3.0,3.0,3.0,-0.90,
53968.0,2025.0,3.0,3.0,6.0,-0.30,
53968.0,2025.0,3.0,3.0,9.0,0.00,
53970.0,2025.0,3.0,1.0,12.0,11.80,
53970.0,2025.0,3.0,1.0,15.0,10.80,
53970.0,2025.0,3.0,1.0,18.0,9.50,
53970.0,2025.0,3.0,1.0,21.0,8.90,
53970.0,2025.0,3.0,2.0,0.0,8.20,
53970.0,2025.0,3.0,2.0,3.0,6.40,
53970.0,2025.0,3.0,2.0,6.0,4.50,
53970.0,2025.0,3.0,2.0,9.0,4.30,
53970.0,2025.0,3.0,2.0,12.0,1.90,
53970.0,2025.0,3.0,2.0,15.0,1.90,
53970.0,2025.0,3.0,2.0,18.0,1.40,
53970.0,2025.0,3.0,2.0,21.0,0.70,
53970.0,2025.0,3.0,3.0,0.0,0.10,
53970.0,2025.0,3.0,3.0,3.0,-3.10,
53970.0,2025.0,3.0,3.0,6.0,-2.60,
53970.0,2025.0,3.0,3.0,9.0,-2.80,
53973.0,2025.0,3.0,1.0,12.0,11.10,
53973.0,2025.0,3.0,1.0,15.0,9.60,
53973.0,2025.0,3.0,1.0,18.0,7.50,
53973.0,2025.0,3.0,1.0,21.0,7.50,
53973.0,2025.0,3.0,2.0,0.0,7.10,
53973.0,2025.0,3.0,2.0,3.0,4.40,
53973.0,2025.0,3.0,2.0,6.0,3.60,
53973.0,2025.0,3.0,2.0,9.0,2.00,
53973.0,2025.0,3.0,2.0,12.0,0.60,
53973.0,2025.0,3.0,2.0,15.0,0.30,
53973.0,2025.0,3.0,2.0,18.0,-0.30,
53973.0,2025.0,3.0,2.0,21.0,-1.40,
53973.0,2025.0,3.0,3.0,0.0,-1.20,
53973.0,2025.0,3.0,3.0,3.0,-3.50,
53973.0,2025.0,3.0,3.0,6.0,-3.20,
53973.0,2025.0,3.0,3.0,9.0,-3.70,
53975.0,2025.0,3.0,1.0,12.0,13.70,
53975.0,2025.0,3.0,1.0,15.0,11.70,
53975.0,2025.0,3.0,1.0,18.0,10.80,
53975.0,2025.0,3.0,1.0,21.0,10.30,
53975.0,2025.0,3.0,2.0,0.0,10.10,
53975.0,2025.0,3.0,2.0,3.0,8.50,
53975.0,2025.0,3.0,2.0,6.0,6.10,
53975.0,2025.0,3.0,2.0,9.0,6.40,
53975.0,2025.0,3.0,2.0,12.0,3.90,
53975.0,2025.0,3.0,2.0,15.0,3.60,
53975.0,2025.0,3.0,2.0,18.0,3.50,
53975.0,2025.0,3.0,2.0,21.0,2.90,
53975.0,2025.0,3.0,3.0,0.0,2.20,
53975.0,2025.0,3.0,3.0,3.0,-1.50,
53975.0,2025.0,3.0,3.0,6.0,-1.40,
53975.0,2025.0,3.0,3.0,9.0,-1.10,
53976.0,2025.0,3.0,1.0,12.0,11.90,
53976.0,2025.0,3.0,1.0,15.0,10.50,
53976.0,2025.0,3.0,1.0,18.0,9.90,
53976.0,2025.0,3.0,1.0,21.0,9.10,
53976.0,2025.0,3.0,2.0,0.0,8.90,
53976.0,2025.0,3.0,2.0,3.0,7.00,
53976.0,2025.0,3.0,2.0,6.0,6.90,
53976.0,2025.0,3.0,2.0,9.0,4.50,
53976.0,2025.0,3.0,2.0,12.0,3.00,
53976.0,2025.0,3.0,2.0,15.0,2.20,
53976.0,2025.0,3.0,2.0,18.0,1.90,
53976.0,2025.0,3.0,2.0,21.0,1.20,
53976.0,2025.0,3.0,3.0,0.0,1.00,
53976.0,2025.0,3.0,3.0,3.0,-3.00,
53976.0,2025.0,3.0,3.0,6.0,-2.60,
53976.0,2025.0,3.0,3.0,9.0,-2.30,
53981.0,2025.0,3.0,1.0,12.0,7.50,
53981.0,2025.0,3.0,1.0,15.0,7.90,
53981.0,2025.0,3.0,1.0,18.0,7.00,
53981.0,2025.0,3.0,1.0,21.0,6.50,
53981.0,2025.0,3.0,2.0,0.0,4.40,
53981.0,2025.0,3.0,2.0,3.0,1.30,
53981.0,2025.0,3.0,2.0,6.0,1.00,
53981.0,2025.0,3.0,2.0,9.0,0.40,
53981.0,2025.0,3.0,2.0,12.0,-1.50,
53981.0,2025.0,3.0,2.0,15.0,-1.70,
53981.0,2025.0,3.0,2.0,18.0,-3.70,
53981.0,2025.0,3.0,2.0,21.0,-4.10,
53981.0,2025.0,3.0,3.0,0.0,-4.30,
53981.0,2025.0,3.0,3.0,3.0,-5.70,
53981.0,2025.0,3.0,3.0,6.0,-5.50,
53981.0,2025.0,3.0,3.0,9.0,-6.00,
57052.0,2025.0,3.0,1.0,12.0,14.50,
57052.0,2025.0,3.0,1.0,15.0,14.50,
57052.0,2025.0,3.0,1.0,18.0,12.90,
57052.0,2025.0,3.0,1.0,21.0,10.60,
57052.0,2025.0,3.0,2.0,0.0,10.00,
57052.0,2025.0,3.0,2.0,3.0,8.70,
57052.0,2025.0,3.0,2.0,6.0,8.60,
57052.0,2025.0,3.0,2.0,9.0,8.40,
57052.0,2025.0,3.0,2.0,12.0,8.00,
57052.0,2025.0,3.0,2.0,15.0,7.30,
57052.0,2025.0,3.0,2.0,18.0,6.60,
57052.0,2025.0,3.0,2.0,21.0,5.20,
57052.0,2025.0,3.0,3.0,0.0,2.80,
57052.0,2025.0,3.0,3.0,3.0,1.60,
57052.0,2025.0,3.0,3.0,6.0,3.50,
57052.0,2025.0,3.0,3.0,9.0,2.80,
57053.0,2025.0,3.0,1.0,12.0,13.80,
57053.0,2025.0,3.0,1.0,15.0,12.60,
57053.0,2025.0,3.0,1.0,18.0,11.80,
57053.0,2025.0,3.0,1.0,21.0,11.20,
57053.0,2025.0,3.0,2.0,0.0,10.60,
57053.0,2025.0,3.0,2.0,3.0,8.90,
57053.0,2025.0,3.0,2.0,6.0,8.30,
57053.0,2025.0,3.0,2.0,9.0,7.50,
57053.0,2025.0,3.0,2.0,12.0,6.30,
57053.0,2025.0,3.0,2.0,15.0,5.80,
57053.0,2025.0,3.0,2.0,18.0,4.40,
57053.0,2025.0,3.0,2.0,21.0,1.00,
57053.0,2025.0,3.0,3.0,0.0,-0.30,
57053.0,2025.0,3.0,3.0,3.0,-1.20,
57053.0,2025.0,3.0,3.0,6.0,-1.00,
57053.0,2025.0,3.0,3.0,9.0,-0.50,
57060.0,2025.0,3.0,1.0,12.0,15.90,
57060.0,2025.0,3.0,1.0,15.0,15.20,
57060.0,2025.0,3.0,1.0,18.0,12.60,
57060.0,2025.0,3.0,1.0,21.0,11.90,
57060.0,2025.0,3.0,2.0,0.0,10.30,
57060.0,2025.0,3.0,2.0,3.0,8.60,
57060.0,2025.0,3.0,2.0,6.0,8.10,
57060.0,2025.0,3.0,2.0,9.0,7.60,
57060.0,2025.0,3.0,2.0,12.0,7.50,
57060.0,2025.0,3.0,2.0,15.0,6.60,
57060.0,2025.0,3.0,2.0,18.0,5.30,
57060.0,2025.0,3.0,2.0,21.0,3.80,
57060.0,2025.0,3.0,3.0,0.0,0.90,
57060.0,2025.0,3.0,3.0,3.0,0.10,
57060.0,2025.0,3.0,3.0,6.0,0.90,
57060.0,2025.0,3.0,3.0,9.0,1.10,
57061.0,2025.0,3.0,1.0,12.0,14.20,
57061.0,2025.0,3.0,1.0,15.0,11.80,
57061.0,2025.0,3.0,1.0,18.0,11.30,
57061.0,2025.0,3.0,1.0,21.0,10.60,
57061.0,2025.0,3.0,2.0,0.0,10.30,
57061.0,2025.0,3.0,2.0,3.0,9.20,
57061.0,2025.0,3.0,2.0,6.0,7.70,
57061.0,2025.0,3.0,2.0,9.0,6.00,
57061.0,2025.0,3.0,2.0,12.0,4.80,
57061.0,2025.0,3.0,2.0,15.0,3.50,
57061.0,2025.0,3.0,2.0,18.0,1.70,
57061.0,2025.0,3.0,2.0,21.0,-0.10,
57061.0,2025.0,3.0,3.0,0.0,-1.90,
57061.0,2025.0,3.0,3.0,3.0,-2.20,
57061.0,2025.0,3.0,3.0,6.0,-1.60,
57061.0,2025.0,3.0,3.0,9.0,-1.00,
